time,pm10,pm2_5,carbon_monoxide,nitrogen_dioxide,ozone,sulphur_dioxide,city,AQI_Category,severity_score,Risk_Level,hour
2025-12-11 00:00:00,53.3,50.9,363.0,6.2,119.0,16.7,bengaluru,Moderate,1589.0,High Risk,0
2025-12-11 01:00:00,56.2,53.9,485.0,10.2,120.0,18.2,bengaluru,Moderate,1881.7,High Risk,1
2025-12-11 02:00:00,59.8,57.5,649.0,15.5,120.0,19.9,bengaluru,Moderate,2266.5,High Risk,2
2025-12-11 03:00:00,60.8,58.2,734.0,18.0,123.0,20.4,bengaluru,Moderate,2464.0,High Risk,3
2025-12-11 04:00:00,56.7,53.4,662.0,14.6,135.0,18.9,bengaluru,Moderate,2300.1,High Risk,4
2025-12-11 05:00:00,48.4,45.5,510.0,8.4,150.0,16.3,bengaluru,Good,1941.5,High Risk,5
2025-12-11 06:00:00,43.1,40.7,391.0,3.7,160.0,13.9,bengaluru,Good,1665.2,High Risk,6
2025-12-11 07:00:00,40.2,38.2,345.0,2.0,161.0,12.1,bengaluru,Good,1541.0,High Risk,7
2025-12-11 08:00:00,38.5,36.4,331.0,1.9,157.0,10.6,bengaluru,Good,1480.5,High Risk,8
2025-12-11 09:00:00,38.3,36.2,341.0,3.5,150.0,9.6,bengaluru,Good,1480.3,High Risk,9
2025-12-11 10:00:00,38.9,36.8,382.0,7.4,141.0,9.2,bengaluru,Good,1554.1,High Risk,10
2025-12-11 11:00:00,40.2,38.3,447.0,12.9,129.0,9.3,bengaluru,Good,1681.9,High Risk,11
2025-12-11 12:00:00,43.4,41.9,506.0,18.4,116.0,9.9,bengaluru,Good,1812.9,High Risk,12
2025-12-11 13:00:00,48.2,47.0,552.0,24.2,101.0,11.3,bengaluru,Good,1928.6,High Risk,13
2025-12-11 14:00:00,51.6,50.5,593.0,30.0,86.0,13.1,bengaluru,Moderate,2023.6999999999998,High Risk,14
2025-12-11 15:00:00,53.0,51.8,622.0,33.1,75.0,14.3,bengaluru,Moderate,2076.6,High Risk,15
2025-12-11 16:00:00,53.4,52.4,639.0,31.8,72.0,14.1,bengaluru,Moderate,2099.8,High Risk,16
2025-12-11 17:00:00,53.7,52.5,645.0,27.8,73.0,13.3,bengaluru,Moderate,2097.0,High Risk,17
2025-12-11 18:00:00,52.9,51.7,637.0,23.6,75.0,12.4,bengaluru,Moderate,2060.2,High Risk,18
2025-12-11 19:00:00,51.7,50.4,606.0,19.7,76.0,11.8,bengaluru,Moderate,1973.1,High Risk,19
2025-12-11 20:00:00,51.1,49.8,561.0,15.5,77.0,11.1,bengaluru,Good,1861.7,High Risk,20
2025-12-11 21:00:00,51.1,49.6,524.0,11.8,82.0,10.1,bengaluru,Good,1782.9,High Risk,21
2025-12-11 22:00:00,52.2,50.6,492.0,8.5,93.0,8.4,bengaluru,Moderate,1740.2,High Risk,22
2025-12-11 23:00:00,57.0,55.2,470.0,5.7,106.0,6.4,bengaluru,Moderate,1753.4,High Risk,23
2025-12-12 00:00:00,56.8,55.1,488.0,4.6,116.0,5.2,bengaluru,Moderate,1809.1,High Risk,0
2025-12-12 01:00:00,58.1,56.6,602.0,6.6,118.0,5.6,bengaluru,Moderate,2064.1,High Risk,1
2025-12-12 02:00:00,59.6,57.7,758.0,10.2,116.0,6.8,bengaluru,Moderate,2399.3,High Risk,2
2025-12-12 03:00:00,55.9,54.0,825.0,12.2,117.0,7.6,bengaluru,Moderate,2517.9,High Risk,3
2025-12-12 04:00:00,52.2,50.2,715.0,10.7,125.0,7.6,bengaluru,Moderate,2285.8,High Risk,4
2025-12-12 05:00:00,47.8,45.8,515.0,7.5,137.0,7.3,bengaluru,Good,1872.6,High Risk,5
2025-12-12 06:00:00,42.1,39.9,362.0,5.0,145.0,6.9,bengaluru,Good,1532.4,High Risk,6
2025-12-12 07:00:00,37.4,35.0,309.0,3.2,148.0,6.3,bengaluru,Good,1387.2,High Risk,7
2025-12-12 08:00:00,33.2,30.9,302.0,2.1,148.0,5.6,bengaluru,Good,1332.9,High Risk,8
2025-12-12 09:00:00,30.4,28.1,314.0,3.9,143.0,5.4,bengaluru,Good,1325.9,High Risk,9
2025-12-12 10:00:00,29.0,26.8,335.0,10.3,129.0,5.8,bengaluru,Good,1342.4,High Risk,10
2025-12-12 11:00:00,29.1,27.1,375.0,19.5,111.0,6.8,bengaluru,Good,1411.0,High Risk,11
2025-12-12 12:00:00,34.3,32.8,434.0,28.6,92.0,8.1,bengaluru,Good,1557.6999999999998,High Risk,12
2025-12-12 13:00:00,42.8,41.3,534.0,38.2,73.0,10.3,bengaluru,Good,1815.9,High Risk,13
2025-12-12 14:00:00,45.5,44.2,654.0,47.6,55.0,12.9,bengaluru,Good,2072.5,High Risk,14
2025-12-12 15:00:00,45.4,44.1,731.0,51.9,45.0,14.6,bengaluru,Good,2219.7,High Risk,15
2025-12-12 16:00:00,44.8,43.7,734.0,47.5,48.0,14.5,bengaluru,Good,2212.9,High Risk,16
2025-12-12 17:00:00,44.2,43.1,695.0,37.9,58.0,13.4,bengaluru,Good,2117.3,High Risk,17
2025-12-12 18:00:00,43.1,42.0,647.0,28.9,68.0,12.4,bengaluru,Good,2002.5,High Risk,18
2025-12-12 19:00:00,41.7,40.7,590.0,22.0,75.0,11.7,bengaluru,Good,1868.4,High Risk,19
2025-12-12 20:00:00,40.6,39.8,524.0,15.6,82.0,11.1,bengaluru,Good,1721.6,High Risk,20
2025-12-12 21:00:00,40.3,39.3,477.0,11.2,86.0,10.7,bengaluru,Good,1617.0,High Risk,21
2025-12-12 22:00:00,40.4,39.3,431.0,9.0,87.0,10.5,bengaluru,Good,1518.7,High Risk,22
2025-12-12 23:00:00,41.6,40.4,404.0,8.7,85.0,10.5,bengaluru,Good,1466.6,High Risk,23
2025-12-13 00:00:00,45.5,44.1,480.0,10.8,81.0,10.8,bengaluru,Good,1646.4,High Risk,0
2025-12-13 01:00:00,53.1,51.7,795.0,18.1,72.0,11.7,bengaluru,Moderate,2343.0,High Risk,1
2025-12-13 02:00:00,57.0,55.9,1213.0,27.8,60.0,12.9,bengaluru,Moderate,3219.3,High Risk,2
2025-12-13 03:00:00,56.1,55.2,1407.0,32.3,59.0,13.3,bengaluru,Moderate,3617.7,High Risk,3
2025-12-13 04:00:00,37.7,34.8,1152.0,26.3,77.0,12.4,bengaluru,Good,2976.9,High Risk,4
2025-12-13 05:00:00,26.5,22.4,673.0,15.0,104.0,10.7,bengaluru,Good,1952.3,High Risk,5
2025-12-13 06:00:00,20.4,16.6,314.0,6.4,126.0,9.3,bengaluru,Good,1213.0,High Risk,6
2025-12-13 07:00:00,17.8,14.6,225.0,2.7,137.0,8.3,bengaluru,Good,1031.4,High Risk,7
2025-12-13 08:00:00,16.6,13.9,256.0,1.7,143.0,7.5,bengaluru,Good,1097.1,High Risk,8
2025-12-13 09:00:00,16.3,13.7,305.0,4.6,140.0,7.3,bengaluru,Good,1195.0,High Risk,9
2025-12-13 10:00:00,16.1,13.6,342.0,13.6,125.0,7.8,bengaluru,Good,1260.9,High Risk,10
2025-12-13 11:00:00,17.0,14.4,398.0,26.5,103.0,8.9,bengaluru,Good,1369.6,High Risk,11
2025-12-13 12:00:00,24.4,22.1,459.0,38.3,81.0,10.3,bengaluru,Good,1539.1,High Risk,12
2025-12-13 13:00:00,34.5,31.8,537.0,49.2,61.0,12.5,bengaluru,Good,1766.3,High Risk,13
2025-12-13 14:00:00,37.7,34.8,620.0,59.0,42.0,15.0,bengaluru,Good,1949.1,High Risk,14
2025-12-13 15:00:00,36.3,33.4,664.0,62.5,32.0,16.4,bengaluru,Good,2015.5,High Risk,15
2025-12-13 16:00:00,34.7,31.7,642.0,55.3,37.0,15.6,bengaluru,Good,1941.2,High Risk,16
2025-12-13 17:00:00,34.1,31.1,580.0,41.8,50.0,13.7,bengaluru,Good,1789.8,High Risk,17
2025-12-13 18:00:00,33.3,30.3,518.0,29.8,63.0,12.1,bengaluru,Good,1644.0,High Risk,18
2025-12-13 19:00:00,32.7,29.7,460.0,21.8,72.0,11.2,bengaluru,Good,1514.6,High Risk,19
2025-12-13 20:00:00,33.4,30.6,402.0,15.4,81.0,10.5,bengaluru,Good,1403.8,High Risk,20
2025-12-13 21:00:00,34.9,32.1,365.0,11.0,87.0,10.2,bengaluru,Good,1341.0,High Risk,21
2025-12-13 22:00:00,36.8,34.0,342.0,8.8,89.0,10.2,bengaluru,Good,1307.4,High Risk,22
2025-12-13 23:00:00,39.2,36.2,340.0,8.7,88.0,10.4,bengaluru,Good,1319.0,High Risk,23
2025-12-14 00:00:00,42.3,39.1,403.0,10.6,85.0,11.0,bengaluru,Good,1469.8,High Risk,0
2025-12-14 01:00:00,48.7,45.3,618.0,16.9,79.0,12.2,bengaluru,Good,1962.0,High Risk,1
2025-12-14 02:00:00,53.9,50.8,899.0,25.3,71.0,13.8,bengaluru,Moderate,2583.1,High Risk,2
2025-12-14 03:00:00,47.7,45.4,1031.0,29.1,71.0,14.5,bengaluru,Good,2819.5,High Risk,3
2025-12-14 04:00:00,34.7,31.9,867.0,23.7,86.0,13.8,bengaluru,Good,2405.6,High Risk,4
2025-12-14 05:00:00,25.9,23.9,553.0,13.6,109.0,12.3,bengaluru,Good,1733.8,High Risk,5
2025-12-14 06:00:00,21.1,19.2,317.0,5.9,126.0,10.8,bengaluru,Good,1238.1,High Risk,6
2025-12-14 07:00:00,18.9,16.7,255.0,2.7,134.0,9.4,bengaluru,Good,1100.6,High Risk,7
2025-12-14 08:00:00,18.3,15.9,270.0,1.9,136.0,8.1,bengaluru,Good,1122.4,High Risk,8
2025-12-14 09:00:00,18.0,15.5,300.0,4.2,132.0,7.4,bengaluru,Good,1173.9,High Risk,9
2025-12-14 10:00:00,18.0,15.8,327.0,11.0,120.0,7.7,bengaluru,Good,1221.8,High Risk,10
2025-12-14 11:00:00,18.9,16.9,368.0,21.0,101.0,8.6,bengaluru,Good,1298.6,High Risk,11
2025-12-14 12:00:00,24.9,23.3,420.0,30.6,83.0,9.9,bengaluru,Good,1442.2,High Risk,12
2025-12-14 13:00:00,34.0,32.5,494.0,40.7,66.0,12.1,bengaluru,Good,1661.7,High Risk,13
2025-12-14 14:00:00,38.0,36.6,577.0,50.4,49.0,14.7,bengaluru,Good,1858.4,High Risk,14
2025-12-14 15:00:00,38.5,37.3,628.0,54.4,40.0,16.2,bengaluru,Good,1960.4,High Risk,15
2025-12-14 16:00:00,38.4,37.3,625.0,48.3,45.0,15.5,bengaluru,Good,1941.9,High Risk,16
2025-12-14 17:00:00,38.5,37.4,590.0,36.5,59.0,13.6,bengaluru,Good,1859.9,High Risk,17
2025-12-14 18:00:00,38.3,37.3,547.0,26.1,70.0,11.9,bengaluru,Good,1757.4,High Risk,18
2025-12-14 19:00:00,37.7,36.6,493.0,19.5,76.0,10.9,bengaluru,Good,1631.7,High Risk,19
2025-12-14 20:00:00,37.5,36.4,430.0,14.4,80.0,10.1,bengaluru,Good,1492.5,High Risk,20
2025-12-14 21:00:00,37.8,36.7,391.0,10.8,83.0,9.3,bengaluru,Good,1408.3,High Risk,21
2025-12-14 22:00:00,38.9,37.6,399.0,8.8,83.0,8.4,bengaluru,Good,1420.5,High Risk,22
2025-12-14 23:00:00,41.8,40.3,432.0,8.2,82.0,7.7,bengaluru,Good,1500.5,High Risk,23
2025-12-15 00:00:00,46.3,44.7,441.8,8.7,82.0,7.2,bengaluru,Good,1555.6,High Risk,0
2025-12-15 01:00:00,50.9,49.1,448.0,11.3,85.0,7.3,bengaluru,Good,1623.6,High Risk,1
2025-12-15 02:00:00,52.7,50.6,469.5,15.0,90.0,7.8,bengaluru,Moderate,1711.3,High Risk,2
2025-12-15 03:00:00,52.2,50.3,485.0,16.5,98.0,8.2,bengaluru,Moderate,1770.9,High Risk,3
2025-12-15 04:00:00,48.1,46.0,451.0,13.8,112.0,8.3,bengaluru,Good,1700.7,High Risk,4
2025-12-15 05:00:00,41.7,39.2,393.0,8.9,129.0,8.4,bengaluru,Good,1563.3000000000002,High Risk,5
2025-12-15 06:00:00,34.9,32.4,342.0,5.1,141.0,8.1,bengaluru,Good,1426.5,High Risk,6
2025-12-15 07:00:00,29.4,26.9,303.0,3.2,144.0,7.2,bengaluru,Good,1302.3,High Risk,7
2025-12-15 08:00:00,25.8,23.3,271.0,2.5,141.0,6.0,bengaluru,Good,1192.9,High Risk,8
2025-12-15 09:00:00,24.5,21.9,265.0,3.6,136.0,5.4,bengaluru,Good,1157.0,High Risk,9
2025-12-15 10:00:00,25.0,22.4,305.0,8.1,127.0,5.8,bengaluru,Good,1233.6,High Risk,10
2025-12-15 11:00:00,26.6,24.2,371.0,14.5,115.0,6.7,bengaluru,Good,1372.6,High Risk,11
2025-12-15 12:00:00,30.7,28.9,420.0,19.2,107.0,7.4,bengaluru,Good,1504.0,High Risk,12
2025-12-11 00:00:00,53.3,50.9,363.0,6.2,119.0,16.7,bengaluru,Moderate,1589.0,High Risk,0
2025-12-11 01:00:00,56.2,53.9,485.0,10.2,120.0,18.2,bengaluru,Moderate,1881.7,High Risk,1
2025-12-11 02:00:00,59.8,57.5,649.0,15.5,120.0,19.9,bengaluru,Moderate,2266.5,High Risk,2
2025-12-11 03:00:00,60.8,58.2,734.0,18.0,123.0,20.4,bengaluru,Moderate,2464.0,High Risk,3
2025-12-11 04:00:00,56.7,53.4,662.0,14.6,135.0,18.9,bengaluru,Moderate,2300.1,High Risk,4
2025-12-11 05:00:00,48.4,45.5,510.0,8.4,150.0,16.3,bengaluru,Good,1941.5,High Risk,5
2025-12-11 06:00:00,43.1,40.7,391.0,3.7,160.0,13.9,bengaluru,Good,1665.2,High Risk,6
2025-12-11 07:00:00,40.2,38.2,345.0,2.0,161.0,12.1,bengaluru,Good,1541.0,High Risk,7
2025-12-11 08:00:00,38.5,36.4,331.0,1.9,157.0,10.6,bengaluru,Good,1480.5,High Risk,8
2025-12-11 09:00:00,38.3,36.2,341.0,3.5,150.0,9.6,bengaluru,Good,1480.3,High Risk,9
2025-12-11 10:00:00,38.9,36.8,382.0,7.4,141.0,9.2,bengaluru,Good,1554.1,High Risk,10
2025-12-11 11:00:00,40.2,38.3,447.0,12.9,129.0,9.3,bengaluru,Good,1681.9,High Risk,11
2025-12-11 12:00:00,43.4,41.9,506.0,18.4,116.0,9.9,bengaluru,Good,1812.9,High Risk,12
2025-12-11 13:00:00,48.2,47.0,552.0,24.2,101.0,11.3,bengaluru,Good,1928.6,High Risk,13
2025-12-11 14:00:00,51.6,50.5,593.0,30.0,86.0,13.1,bengaluru,Moderate,2023.6999999999998,High Risk,14
2025-12-11 15:00:00,53.0,51.8,622.0,33.1,75.0,14.3,bengaluru,Moderate,2076.6,High Risk,15
2025-12-11 16:00:00,53.4,52.4,639.0,31.8,72.0,14.1,bengaluru,Moderate,2099.8,High Risk,16
2025-12-11 17:00:00,53.7,52.5,645.0,27.8,73.0,13.3,bengaluru,Moderate,2097.0,High Risk,17
2025-12-11 18:00:00,52.9,51.7,637.0,23.6,75.0,12.4,bengaluru,Moderate,2060.2,High Risk,18
2025-12-11 19:00:00,51.7,50.4,606.0,19.7,76.0,11.8,bengaluru,Moderate,1973.1,High Risk,19
2025-12-11 20:00:00,51.1,49.8,561.0,15.5,77.0,11.1,bengaluru,Good,1861.7,High Risk,20
2025-12-11 21:00:00,51.1,49.6,524.0,11.8,82.0,10.1,bengaluru,Good,1782.9,High Risk,21
2025-12-11 22:00:00,52.2,50.6,492.0,8.5,93.0,8.4,bengaluru,Moderate,1740.2,High Risk,22
2025-12-11 23:00:00,57.0,55.2,470.0,5.7,106.0,6.4,bengaluru,Moderate,1753.4,High Risk,23
2025-12-12 00:00:00,56.8,55.1,488.0,4.6,116.0,5.2,bengaluru,Moderate,1809.1,High Risk,0
2025-12-12 01:00:00,58.1,56.6,602.0,6.6,118.0,5.6,bengaluru,Moderate,2064.1,High Risk,1
2025-12-12 02:00:00,59.6,57.7,758.0,10.2,116.0,6.8,bengaluru,Moderate,2399.3,High Risk,2
2025-12-12 03:00:00,55.9,54.0,825.0,12.2,117.0,7.6,bengaluru,Moderate,2517.9,High Risk,3
2025-12-12 04:00:00,52.2,50.2,715.0,10.7,125.0,7.6,bengaluru,Moderate,2285.8,High Risk,4
2025-12-12 05:00:00,47.8,45.8,515.0,7.5,137.0,7.3,bengaluru,Good,1872.6,High Risk,5
2025-12-12 06:00:00,42.1,39.9,362.0,5.0,145.0,6.9,bengaluru,Good,1532.4,High Risk,6
2025-12-12 07:00:00,37.4,35.0,309.0,3.2,148.0,6.3,bengaluru,Good,1387.2,High Risk,7
2025-12-12 08:00:00,33.2,30.9,302.0,2.1,148.0,5.6,bengaluru,Good,1332.9,High Risk,8
2025-12-12 09:00:00,30.4,28.1,314.0,3.9,143.0,5.4,bengaluru,Good,1325.9,High Risk,9
2025-12-12 10:00:00,29.0,26.8,335.0,10.3,129.0,5.8,bengaluru,Good,1342.4,High Risk,10
2025-12-12 11:00:00,29.1,27.1,375.0,19.5,111.0,6.8,bengaluru,Good,1411.0,High Risk,11
2025-12-12 12:00:00,34.3,32.8,434.0,28.6,92.0,8.1,bengaluru,Good,1557.6999999999998,High Risk,12
2025-12-12 13:00:00,42.8,41.3,534.0,38.2,73.0,10.3,bengaluru,Good,1815.9,High Risk,13
2025-12-12 14:00:00,45.5,44.2,654.0,47.6,55.0,12.9,bengaluru,Good,2072.5,High Risk,14
2025-12-12 15:00:00,45.4,44.1,731.0,51.9,45.0,14.6,bengaluru,Good,2219.7,High Risk,15
2025-12-12 16:00:00,44.8,43.7,734.0,47.5,48.0,14.5,bengaluru,Good,2212.9,High Risk,16
2025-12-12 17:00:00,44.2,43.1,695.0,37.9,58.0,13.4,bengaluru,Good,2117.3,High Risk,17
2025-12-12 18:00:00,43.1,42.0,647.0,28.9,68.0,12.4,bengaluru,Good,2002.5,High Risk,18
2025-12-12 19:00:00,41.7,40.7,590.0,22.0,75.0,11.7,bengaluru,Good,1868.4,High Risk,19
2025-12-12 20:00:00,40.6,39.8,524.0,15.6,82.0,11.1,bengaluru,Good,1721.6,High Risk,20
2025-12-12 21:00:00,40.3,39.3,477.0,11.2,86.0,10.7,bengaluru,Good,1617.0,High Risk,21
2025-12-12 22:00:00,40.4,39.3,431.0,9.0,87.0,10.5,bengaluru,Good,1518.7,High Risk,22
2025-12-12 23:00:00,41.6,40.4,404.0,8.7,85.0,10.5,bengaluru,Good,1466.6,High Risk,23
2025-12-13 00:00:00,45.5,44.1,480.0,10.8,81.0,10.8,bengaluru,Good,1646.4,High Risk,0
2025-12-13 01:00:00,53.1,51.7,795.0,18.1,72.0,11.7,bengaluru,Moderate,2343.0,High Risk,1
2025-12-13 02:00:00,57.0,55.9,1213.0,27.8,60.0,12.9,bengaluru,Moderate,3219.3,High Risk,2
2025-12-13 03:00:00,56.1,55.2,1407.0,32.3,59.0,13.3,bengaluru,Moderate,3617.7,High Risk,3
2025-12-13 04:00:00,37.7,34.8,1152.0,26.3,77.0,12.4,bengaluru,Good,2976.9,High Risk,4
2025-12-13 05:00:00,26.5,22.4,673.0,15.0,104.0,10.7,bengaluru,Good,1952.3,High Risk,5
2025-12-13 06:00:00,20.4,16.6,314.0,6.4,126.0,9.3,bengaluru,Good,1213.0,High Risk,6
2025-12-13 07:00:00,17.8,14.6,225.0,2.7,137.0,8.3,bengaluru,Good,1031.4,High Risk,7
2025-12-13 08:00:00,16.6,13.9,256.0,1.7,143.0,7.5,bengaluru,Good,1097.1,High Risk,8
2025-12-13 09:00:00,16.3,13.7,305.0,4.6,140.0,7.3,bengaluru,Good,1195.0,High Risk,9
2025-12-13 10:00:00,16.1,13.6,342.0,13.6,125.0,7.8,bengaluru,Good,1260.9,High Risk,10
2025-12-13 11:00:00,17.0,14.4,398.0,26.5,103.0,8.9,bengaluru,Good,1369.6,High Risk,11
2025-12-13 12:00:00,24.4,22.1,459.0,38.3,81.0,10.3,bengaluru,Good,1539.1,High Risk,12
2025-12-13 13:00:00,34.5,31.8,537.0,49.2,61.0,12.5,bengaluru,Good,1766.3,High Risk,13
2025-12-13 14:00:00,37.7,34.8,620.0,59.0,42.0,15.0,bengaluru,Good,1949.1,High Risk,14
2025-12-13 15:00:00,36.3,33.4,664.0,62.5,32.0,16.4,bengaluru,Good,2015.5,High Risk,15
2025-12-13 16:00:00,34.7,31.7,642.0,55.3,37.0,15.6,bengaluru,Good,1941.2,High Risk,16
2025-12-13 17:00:00,34.1,31.1,580.0,41.8,50.0,13.7,bengaluru,Good,1789.8,High Risk,17
2025-12-13 18:00:00,33.3,30.3,518.0,29.8,63.0,12.1,bengaluru,Good,1644.0,High Risk,18
2025-12-13 19:00:00,32.7,29.7,460.0,21.8,72.0,11.2,bengaluru,Good,1514.6,High Risk,19
2025-12-13 20:00:00,33.4,30.6,402.0,15.4,81.0,10.5,bengaluru,Good,1403.8,High Risk,20
2025-12-13 21:00:00,34.9,32.1,365.0,11.0,87.0,10.2,bengaluru,Good,1341.0,High Risk,21
2025-12-13 22:00:00,36.8,34.0,342.0,8.8,89.0,10.2,bengaluru,Good,1307.4,High Risk,22
2025-12-13 23:00:00,39.2,36.2,340.0,8.7,88.0,10.4,bengaluru,Good,1319.0,High Risk,23
2025-12-14 00:00:00,42.3,39.1,403.0,10.6,85.0,11.0,bengaluru,Good,1469.8,High Risk,0
2025-12-14 01:00:00,48.7,45.3,618.0,16.9,79.0,12.2,bengaluru,Good,1962.0,High Risk,1
2025-12-14 02:00:00,53.9,50.8,899.0,25.3,71.0,13.8,bengaluru,Moderate,2583.1,High Risk,2
2025-12-14 03:00:00,47.7,45.4,1031.0,29.1,71.0,14.5,bengaluru,Good,2819.5,High Risk,3
2025-12-14 04:00:00,34.7,31.9,867.0,23.7,86.0,13.8,bengaluru,Good,2405.6,High Risk,4
2025-12-14 05:00:00,25.9,23.9,553.0,13.6,109.0,12.3,bengaluru,Good,1733.8,High Risk,5
2025-12-14 06:00:00,21.1,19.2,317.0,5.9,126.0,10.8,bengaluru,Good,1238.1,High Risk,6
2025-12-14 07:00:00,18.9,16.7,255.0,2.7,134.0,9.4,bengaluru,Good,1100.6,High Risk,7
2025-12-14 08:00:00,18.3,15.9,270.0,1.9,136.0,8.1,bengaluru,Good,1122.4,High Risk,8
2025-12-14 09:00:00,18.0,15.5,300.0,4.2,132.0,7.4,bengaluru,Good,1173.9,High Risk,9
2025-12-14 10:00:00,18.0,15.8,327.0,11.0,120.0,7.7,bengaluru,Good,1221.8,High Risk,10
2025-12-14 11:00:00,18.9,16.9,368.0,21.0,101.0,8.6,bengaluru,Good,1298.6,High Risk,11
2025-12-14 12:00:00,24.9,23.3,420.0,30.6,83.0,9.9,bengaluru,Good,1442.2,High Risk,12
2025-12-14 13:00:00,34.0,32.5,494.0,40.7,66.0,12.1,bengaluru,Good,1661.7,High Risk,13
2025-12-14 14:00:00,38.0,36.6,577.0,50.4,49.0,14.7,bengaluru,Good,1858.4,High Risk,14
2025-12-14 15:00:00,38.5,37.3,628.0,54.4,40.0,16.2,bengaluru,Good,1960.4,High Risk,15
2025-12-14 16:00:00,38.4,37.3,625.0,48.3,45.0,15.5,bengaluru,Good,1941.9,High Risk,16
2025-12-14 17:00:00,38.5,37.4,590.0,36.5,59.0,13.6,bengaluru,Good,1859.9,High Risk,17
2025-12-14 18:00:00,38.3,37.3,547.0,26.1,70.0,11.9,bengaluru,Good,1757.4,High Risk,18
2025-12-14 19:00:00,37.7,36.6,493.0,19.5,76.0,10.9,bengaluru,Good,1631.7,High Risk,19
2025-12-14 20:00:00,37.5,36.4,430.0,14.4,80.0,10.1,bengaluru,Good,1492.5,High Risk,20
2025-12-14 21:00:00,37.8,36.7,391.0,10.8,83.0,9.3,bengaluru,Good,1408.3,High Risk,21
2025-12-14 22:00:00,38.9,37.6,399.0,8.8,83.0,8.4,bengaluru,Good,1420.5,High Risk,22
2025-12-14 23:00:00,41.8,40.3,432.0,8.2,82.0,7.7,bengaluru,Good,1500.5,High Risk,23
2025-12-15 00:00:00,46.3,44.7,441.8,8.7,82.0,7.2,bengaluru,Good,1555.6,High Risk,0
2025-12-15 01:00:00,50.9,49.1,448.0,11.3,85.0,7.3,bengaluru,Good,1623.6,High Risk,1
2025-12-15 02:00:00,52.7,50.6,469.5,15.0,90.0,7.8,bengaluru,Moderate,1711.3,High Risk,2
2025-12-15 03:00:00,52.2,50.3,485.0,16.5,98.0,8.2,bengaluru,Moderate,1770.9,High Risk,3
2025-12-15 04:00:00,48.1,46.0,451.0,13.8,112.0,8.3,bengaluru,Good,1700.7,High Risk,4
2025-12-15 05:00:00,41.7,39.2,393.0,8.9,129.0,8.4,bengaluru,Good,1563.3000000000002,High Risk,5
2025-12-15 06:00:00,34.9,32.4,342.0,5.1,141.0,8.1,bengaluru,Good,1426.5,High Risk,6
2025-12-15 07:00:00,29.4,26.9,303.0,3.2,144.0,7.2,bengaluru,Good,1302.3,High Risk,7
2025-12-15 08:00:00,25.8,23.3,271.0,2.5,141.0,6.0,bengaluru,Good,1192.9,High Risk,8
2025-12-15 09:00:00,24.5,21.9,265.0,3.6,136.0,5.4,bengaluru,Good,1157.0,High Risk,9
2025-12-15 10:00:00,25.0,22.4,305.0,8.1,127.0,5.8,bengaluru,Good,1233.6,High Risk,10
2025-12-15 11:00:00,26.6,24.2,371.0,14.5,115.0,6.7,bengaluru,Good,1372.6,High Risk,11
2025-12-15 12:00:00,30.7,28.9,420.0,19.2,107.0,7.4,bengaluru,Good,1504.0,High Risk,12
2025-12-11 00:00:00,106.2,105.2,1056.0,28.5,45.0,32.3,delhi,Unhealthy,3334.8,High Risk,0
2025-12-11 01:00:00,111.1,110.1,1287.0,35.6,37.0,36.8,delhi,Unhealthy,3858.4,High Risk,1
2025-12-11 02:00:00,125.3,124.3,1596.0,46.2,28.0,43.4,delhi,Unhealthy,4631.8,High Risk,2
2025-12-11 03:00:00,131.3,130.4,1761.0,51.2,36.0,48.4,delhi,Unhealthy,5074.3,High Risk,3
2025-12-11 04:00:00,124.3,123.9,1660.0,44.8,79.0,50.0,delhi,Unhealthy,4928.6,High Risk,4
2025-12-11 05:00:00,111.5,110.8,1415.0,32.6,139.0,50.0,delhi,Unhealthy,4465.9,High Risk,5
2025-12-11 06:00:00,91.0,90.3,1177.0,22.5,183.0,49.6,delhi,Moderate,3915.9,High Risk,6
2025-12-11 07:00:00,71.9,71.2,967.0,15.5,199.0,48.9,delhi,Moderate,3360.3,High Risk,7
2025-12-11 08:00:00,62.2,61.7,763.0,10.6,199.0,47.8,delhi,Moderate,2851.7,High Risk,8
2025-12-11 09:00:00,56.0,55.5,652.0,11.8,188.0,47.1,delhi,Moderate,2549.1,High Risk,9
2025-12-11 10:00:00,52.5,52.0,699.0,23.5,163.0,46.8,delhi,Moderate,2585.7,High Risk,10
2025-12-11 11:00:00,55.4,55.1,837.0,41.4,126.0,46.9,delhi,Moderate,2846.9,High Risk,11
2025-12-11 12:00:00,69.8,69.6,955.0,57.0,94.0,48.5,delhi,Moderate,3171.4,High Risk,12
2025-12-11 13:00:00,85.4,85.2,1006.0,67.9,70.0,52.8,delhi,Moderate,3387.0,High Risk,13
2025-12-11 14:00:00,96.9,96.4,1036.0,76.4,49.0,58.5,delhi,Moderate,3531.3,High Risk,14
2025-12-11 15:00:00,108.3,107.8,1071.0,81.3,34.0,63.4,delhi,Unhealthy,3686.7,High Risk,15
2025-12-11 16:00:00,121.5,121.1,1139.0,81.0,27.0,67.3,delhi,Unhealthy,3922.2,High Risk,16
2025-12-11 17:00:00,134.1,133.6,1213.0,77.0,25.0,70.3,delhi,Unhealthy,4160.5,High Risk,17
2025-12-11 18:00:00,138.8,138.3,1231.0,72.4,24.0,70.5,delhi,Unhealthy,4213.5,High Risk,18
2025-12-11 19:00:00,136.0,135.5,1144.0,67.5,24.0,65.6,delhi,Unhealthy,3977.9,High Risk,19
2025-12-11 20:00:00,132.7,132.2,1002.0,61.9,24.0,57.9,delhi,Unhealthy,3614.2999999999997,High Risk,20
2025-12-11 21:00:00,132.2,131.8,897.0,57.4,24.0,51.8,delhi,Unhealthy,3358.3999999999996,High Risk,21
2025-12-11 22:00:00,133.2,132.2,840.0,54.5,22.0,48.6,delhi,Unhealthy,3219.0,High Risk,22
2025-12-11 23:00:00,134.1,133.2,821.0,52.8,18.0,47.1,delhi,Unhealthy,3163.9,High Risk,23
2025-12-12 00:00:00,136.9,136.4,900.0,52.8,17.0,47.7,delhi,Unhealthy,3345.7,High Risk,0
2025-12-12 01:00:00,144.8,144.4,1182.0,57.0,13.0,52.1,delhi,Unhealthy,3995.8,High Risk,1
2025-12-12 02:00:00,160.2,159.3,1563.0,62.8,12.0,58.7,delhi,Unhealthy,4925.1,High Risk,2
2025-12-12 03:00:00,163.4,162.5,1792.0,63.5,28.0,63.1,delhi,Unhealthy,5477.1,High Risk,3
2025-12-12 04:00:00,146.7,146.2,1731.0,54.1,79.0,63.1,delhi,Unhealthy,5338.9,High Risk,4
2025-12-12 05:00:00,125.3,124.3,1517.0,39.6,149.0,60.9,delhi,Unhealthy,4880.4,High Risk,5
2025-12-12 06:00:00,100.4,99.7,1316.0,27.6,203.0,59.2,delhi,Moderate,4387.9,High Risk,6
2025-12-12 07:00:00,81.0,80.3,1145.0,18.5,230.0,58.4,delhi,Moderate,3932.1,High Risk,7
2025-12-12 08:00:00,72.6,71.9,987.0,12.0,242.0,57.9,delhi,Moderate,3556.9,High Risk,8
2025-12-12 09:00:00,69.2,68.2,949.0,15.0,237.0,58.9,delhi,Moderate,3453.2,High Risk,9
2025-12-12 10:00:00,68.0,67.1,1098.0,33.6,211.0,61.1,delhi,Moderate,3747.3,High Risk,10
2025-12-12 11:00:00,76.6,75.7,1368.0,61.8,169.0,64.6,delhi,Moderate,4356.9,High Risk,11
2025-12-12 12:00:00,111.5,110.6,1665.0,88.5,127.0,71.4,delhi,Unhealthy,5238.1,High Risk,12
2025-12-12 13:00:00,148.5,147.6,1997.0,111.4,89.0,82.8,delhi,Unhealthy,6221.3,High Risk,13
2025-12-12 14:00:00,180.7,179.7,2355.0,132.9,51.0,97.4,delhi,Unhealthy,7224.799999999999,High Risk,14
2025-12-12 15:00:00,211.4,210.9,2623.0,149.3,23.0,112.5,delhi,Very Unhealthy,8050.9,High Risk,15
2025-12-12 16:00:00,239.3,238.4,2740.0,159.9,10.0,130.9,delhi,Very Unhealthy,8583.1,High Risk,16
2025-12-12 17:00:00,262.6,261.7,2766.0,165.4,7.0,149.8,delhi,Very Unhealthy,8910.1,High Risk,17
2025-12-12 18:00:00,274.7,273.8,2763.0,164.9,6.0,157.8,delhi,Very Unhealthy,9027.9,High Risk,18
2025-12-12 19:00:00,268.2,267.3,2736.0,155.5,6.0,146.6,delhi,Very Unhealthy,8839.5,High Risk,19
2025-12-12 20:00:00,258.0,257.0,2679.0,140.0,7.0,124.4,delhi,Very Unhealthy,8495.6,High Risk,20
2025-12-12 21:00:00,246.8,245.9,2636.0,125.6,9.0,105.2,delhi,Very Unhealthy,8192.1,High Risk,21
2025-12-12 22:00:00,238.4,238.0,2562.0,113.6,9.0,92.8,delhi,Very Unhealthy,7881.799999999999,High Risk,22
2025-12-12 23:00:00,233.3,232.4,2501.0,102.6,8.0,83.2,delhi,Very Unhealthy,7631.1,High Risk,23
2025-12-13 00:00:00,230.0,229.1,2630.0,95.6,10.0,78.4,delhi,Very Unhealthy,7821.5,High Risk,0
2025-12-13 01:00:00,233.3,232.8,3233.0,97.3,9.0,81.7,delhi,Very Unhealthy,9072.9,High Risk,1
2025-12-13 02:00:00,251.5,250.5,4026.0,103.0,10.0,89.7,delhi,Very Unhealthy,10859.8,High Risk,2
2025-12-13 03:00:00,271.9,271.9,4330.0,101.6,34.0,94.5,delhi,Very Unhealthy,11721.6,High Risk,3
2025-12-13 04:00:00,215.6,215.1,3674.0,85.6,104.0,91.5,delhi,Very Unhealthy,10090.7,High Risk,4
2025-12-13 05:00:00,176.5,175.6,2530.0,62.6,196.0,85.3,delhi,Unhealthy,7647.1,High Risk,5
2025-12-13 06:00:00,136.4,135.5,1630.0,43.8,266.0,81.7,delhi,Unhealthy,5646.7,High Risk,6
2025-12-13 07:00:00,107.1,106.2,1261.0,30.9,295.0,83.6,delhi,Unhealthy,4717.3,High Risk,7
2025-12-13 08:00:00,93.4,92.2,1137.0,22.2,301.0,88.2,delhi,Moderate,4359.8,High Risk,8
2025-12-13 09:00:00,89.6,88.2,1133.0,24.3,292.0,92.6,delhi,Moderate,4319.4,High Risk,9
2025-12-13 10:00:00,88.7,87.5,1232.0,43.7,265.0,95.4,delhi,Moderate,4519.0,High Risk,10
2025-12-13 11:00:00,112.0,110.8,1451.0,73.8,222.0,98.1,delhi,Unhealthy,5145.6,High Risk,11
2025-12-13 12:00:00,150.4,149.0,1723.0,101.7,178.0,102.2,delhi,Unhealthy,5991.8,High Risk,12
2025-12-13 13:00:00,194.2,192.8,2096.0,125.9,131.0,111.1,delhi,Unhealthy,7079.6,High Risk,13
2025-12-13 14:00:00,228.2,227.2,2520.0,147.8,83.0,121.5,delhi,Very Unhealthy,8186.8,High Risk,14
2025-12-13 15:00:00,240.3,239.3,2780.0,159.1,49.0,125.2,delhi,Very Unhealthy,8761.6,High Risk,15
2025-12-13 16:00:00,231.9,231.4,2731.0,153.0,40.0,116.9,delhi,Very Unhealthy,8514.3,High Risk,16
2025-12-13 17:00:00,218.4,217.5,2517.0,136.4,46.0,101.9,delhi,Very Unhealthy,7867.9,High Risk,17
2025-12-13 18:00:00,205.4,204.4,2357.0,120.8,51.0,88.2,delhi,Very Unhealthy,7341.200000000001,High Risk,18
2025-12-13 19:00:00,195.1,194.2,2336.0,110.5,51.0,78.2,delhi,Unhealthy,7136.1,High Risk,19
2025-12-13 20:00:00,190.5,189.5,2369.0,101.3,50.0,69.4,delhi,Unhealthy,7089.8,High Risk,20
2025-12-13 21:00:00,189.1,188.6,2418.0,92.7,48.0,62.6,delhi,Unhealthy,7111.5,High Risk,21
2025-12-13 22:00:00,188.6,187.7,2413.0,83.2,45.0,57.3,delhi,Unhealthy,7027.299999999999,High Risk,22
2025-12-13 23:00:00,188.6,187.7,2423.0,74.3,42.0,54.0,delhi,Unhealthy,6989.5,High Risk,23
2025-12-14 00:00:00,189.5,189.1,2621.0,69.9,40.0,54.6,delhi,Unhealthy,7374.0,High Risk,0
2025-12-14 01:00:00,197.4,197.0,3289.0,75.3,30.0,62.6,delhi,Unhealthy,8796.8,High Risk,1
2025-12-14 02:00:00,218.9,218.4,4144.0,85.3,21.0,74.6,delhi,Very Unhealthy,10739.3,High Risk,2
2025-12-14 03:00:00,242.1,241.2,4510.0,87.4,38.0,82.5,delhi,Very Unhealthy,11745.9,High Risk,3
2025-12-14 04:00:00,199.3,198.8,3935.0,73.7,105.0,81.2,delhi,Unhealthy,10396.5,High Risk,4
2025-12-14 05:00:00,168.1,167.6,2871.0,52.3,199.0,75.8,delhi,Unhealthy,8193.7,High Risk,5
2025-12-14 06:00:00,140.6,140.2,1993.0,35.0,269.0,73.7,delhi,Unhealthy,6350.6,High Risk,6
2025-12-14 07:00:00,119.2,118.0,1534.0,24.7,298.0,79.3,delhi,Unhealthy,5325.6,High Risk,7
2025-12-14 08:00:00,104.1,102.7,1262.0,18.6,305.0,88.2,delhi,Unhealthy,4692.0,High Risk,8
2025-12-14 09:00:00,95.2,94.1,1152.0,20.3,295.0,94.0,delhi,Moderate,4402.3,High Risk,9
2025-12-14 10:00:00,90.8,89.4,1229.0,34.0,265.0,92.5,delhi,Moderate,4478.4,High Risk,10
2025-12-14 11:00:00,100.1,99.0,1467.0,55.6,219.0,87.8,delhi,Moderate,4959.9,High Risk,11
2025-12-14 12:00:00,131.8,130.4,1770.0,76.3,173.0,86.3,delhi,Unhealthy,5756.8,High Risk,12
2025-12-14 13:00:00,162.1,161.1,2150.0,95.0,128.0,91.5,delhi,Unhealthy,6721.8,High Risk,13
2025-12-14 14:00:00,191.9,190.9,2595.0,112.8,83.0,99.8,delhi,Unhealthy,7819.6,High Risk,14
2025-12-14 15:00:00,216.5,215.6,2966.0,124.0,49.0,106.4,delhi,Very Unhealthy,8728.1,High Risk,15
2025-12-14 16:00:00,237.5,236.6,3240.0,125.1,32.0,110.4,delhi,Very Unhealthy,9413.5,High Risk,16
2025-12-14 17:00:00,253.3,252.4,3440.0,119.7,27.0,112.5,delhi,Very Unhealthy,9911.7,High Risk,17
2025-12-14 18:00:00,259.8,258.0,3498.0,112.5,24.0,110.6,delhi,Very Unhealthy,10029.8,High Risk,18
2025-12-14 19:00:00,254.3,253.3,3329.0,104.4,22.0,102.0,delhi,Very Unhealthy,9579.0,High Risk,19
2025-12-14 20:00:00,244.9,243.1,3017.0,94.5,22.0,89.3,delhi,Very Unhealthy,8785.4,High Risk,20
2025-12-14 21:00:00,231.4,230.5,2750.0,85.3,24.0,77.6,delhi,Very Unhealthy,8070.3,High Risk,21
2025-12-14 22:00:00,215.6,214.7,2580.0,76.9,26.0,67.8,delhi,Very Unhealthy,7537.1,High Risk,22
2025-12-14 23:00:00,197.4,196.5,2454.0,69.2,29.0,59.0,delhi,Unhealthy,7082.5,High Risk,23
2025-12-15 00:00:00,182.5,181.6,2389.0,63.9,32.0,53.7,delhi,Unhealthy,6799.9,High Risk,0
2025-12-15 01:00:00,178.8,177.9,2408.0,63.8,31.0,54.7,delhi,Unhealthy,6808.9,High Risk,1
2025-12-15 02:00:00,187.2,185.8,2575.8,66.1,31.0,59.2,delhi,Unhealthy,7236.400000000001,High Risk,2
2025-12-15 03:00:00,183.9,183.0,2658.0,63.8,46.0,61.4,delhi,Unhealthy,7421.5,High Risk,3
2025-12-15 04:00:00,159.3,158.3,2327.0,51.9,93.0,58.6,delhi,Unhealthy,6644.4,High Risk,4
2025-12-15 05:00:00,132.2,131.3,1817.0,35.4,156.0,53.5,delhi,Unhealthy,5510.7,High Risk,5
2025-12-15 06:00:00,95.2,93.6,1369.0,22.2,200.0,48.2,delhi,Moderate,4373.2,High Risk,6
2025-12-15 07:00:00,65.7,64.0,1045.0,14.5,210.0,42.8,delhi,Moderate,3466.3,High Risk,7
2025-12-15 08:00:00,51.1,49.4,782.0,10.1,201.0,37.2,delhi,Good,2756.5,High Risk,8
2025-12-15 09:00:00,46.1,44.4,633.0,10.6,185.0,33.5,delhi,Good,2357.7,High Risk,9
2025-12-15 10:00:00,44.9,43.3,664.0,19.3,162.0,33.0,delhi,Good,2374.4,High Risk,10
2025-12-15 11:00:00,46.8,45.4,809.0,32.9,132.0,34.4,delhi,Good,2650.6,High Risk,11
2025-12-15 12:00:00,58.1,56.9,922.0,42.9,111.0,35.5,delhi,Moderate,2949.4,High Risk,12
2025-12-11 00:00:00,106.2,105.2,1056.0,28.5,45.0,32.3,delhi,Unhealthy,3334.8,High Risk,0
2025-12-11 01:00:00,111.1,110.1,1287.0,35.6,37.0,36.8,delhi,Unhealthy,3858.4,High Risk,1
2025-12-11 02:00:00,125.3,124.3,1596.0,46.2,28.0,43.4,delhi,Unhealthy,4631.8,High Risk,2
2025-12-11 03:00:00,131.3,130.4,1761.0,51.2,36.0,48.4,delhi,Unhealthy,5074.3,High Risk,3
2025-12-11 04:00:00,124.3,123.9,1660.0,44.8,79.0,50.0,delhi,Unhealthy,4928.6,High Risk,4
2025-12-11 05:00:00,111.5,110.8,1415.0,32.6,139.0,50.0,delhi,Unhealthy,4465.9,High Risk,5
2025-12-11 06:00:00,91.0,90.3,1177.0,22.5,183.0,49.6,delhi,Moderate,3915.9,High Risk,6
2025-12-11 07:00:00,71.9,71.2,967.0,15.5,199.0,48.9,delhi,Moderate,3360.3,High Risk,7
2025-12-11 08:00:00,62.2,61.7,763.0,10.6,199.0,47.8,delhi,Moderate,2851.7,High Risk,8
2025-12-11 09:00:00,56.0,55.5,652.0,11.8,188.0,47.1,delhi,Moderate,2549.1,High Risk,9
2025-12-11 10:00:00,52.5,52.0,699.0,23.5,163.0,46.8,delhi,Moderate,2585.7,High Risk,10
2025-12-11 11:00:00,55.4,55.1,837.0,41.4,126.0,46.9,delhi,Moderate,2846.9,High Risk,11
2025-12-11 12:00:00,69.8,69.6,955.0,57.0,94.0,48.5,delhi,Moderate,3171.4,High Risk,12
2025-12-11 13:00:00,85.4,85.2,1006.0,67.9,70.0,52.8,delhi,Moderate,3387.0,High Risk,13
2025-12-11 14:00:00,96.9,96.4,1036.0,76.4,49.0,58.5,delhi,Moderate,3531.3,High Risk,14
2025-12-11 15:00:00,108.3,107.8,1071.0,81.3,34.0,63.4,delhi,Unhealthy,3686.7,High Risk,15
2025-12-11 16:00:00,121.5,121.1,1139.0,81.0,27.0,67.3,delhi,Unhealthy,3922.2,High Risk,16
2025-12-11 17:00:00,134.1,133.6,1213.0,77.0,25.0,70.3,delhi,Unhealthy,4160.5,High Risk,17
2025-12-11 18:00:00,138.8,138.3,1231.0,72.4,24.0,70.5,delhi,Unhealthy,4213.5,High Risk,18
2025-12-11 19:00:00,136.0,135.5,1144.0,67.5,24.0,65.6,delhi,Unhealthy,3977.9,High Risk,19
2025-12-11 20:00:00,132.7,132.2,1002.0,61.9,24.0,57.9,delhi,Unhealthy,3614.2999999999997,High Risk,20
2025-12-11 21:00:00,132.2,131.8,897.0,57.4,24.0,51.8,delhi,Unhealthy,3358.3999999999996,High Risk,21
2025-12-11 22:00:00,133.2,132.2,840.0,54.5,22.0,48.6,delhi,Unhealthy,3219.0,High Risk,22
2025-12-11 23:00:00,134.1,133.2,821.0,52.8,18.0,47.1,delhi,Unhealthy,3163.9,High Risk,23
2025-12-12 00:00:00,136.9,136.4,900.0,52.8,17.0,47.7,delhi,Unhealthy,3345.7,High Risk,0
2025-12-12 01:00:00,144.8,144.4,1182.0,57.0,13.0,52.1,delhi,Unhealthy,3995.8,High Risk,1
2025-12-12 02:00:00,160.2,159.3,1563.0,62.8,12.0,58.7,delhi,Unhealthy,4925.1,High Risk,2
2025-12-12 03:00:00,163.4,162.5,1792.0,63.5,28.0,63.1,delhi,Unhealthy,5477.1,High Risk,3
2025-12-12 04:00:00,146.7,146.2,1731.0,54.1,79.0,63.1,delhi,Unhealthy,5338.9,High Risk,4
2025-12-12 05:00:00,125.3,124.3,1517.0,39.6,149.0,60.9,delhi,Unhealthy,4880.4,High Risk,5
2025-12-12 06:00:00,100.4,99.7,1316.0,27.6,203.0,59.2,delhi,Moderate,4387.9,High Risk,6
2025-12-12 07:00:00,81.0,80.3,1145.0,18.5,230.0,58.4,delhi,Moderate,3932.1,High Risk,7
2025-12-12 08:00:00,72.6,71.9,987.0,12.0,242.0,57.9,delhi,Moderate,3556.9,High Risk,8
2025-12-12 09:00:00,69.2,68.2,949.0,15.0,237.0,58.9,delhi,Moderate,3453.2,High Risk,9
2025-12-12 10:00:00,68.0,67.1,1098.0,33.6,211.0,61.1,delhi,Moderate,3747.3,High Risk,10
2025-12-12 11:00:00,76.6,75.7,1368.0,61.8,169.0,64.6,delhi,Moderate,4356.9,High Risk,11
2025-12-12 12:00:00,111.5,110.6,1665.0,88.5,127.0,71.4,delhi,Unhealthy,5238.1,High Risk,12
2025-12-12 13:00:00,148.5,147.6,1997.0,111.4,89.0,82.8,delhi,Unhealthy,6221.3,High Risk,13
2025-12-12 14:00:00,180.7,179.7,2355.0,132.9,51.0,97.4,delhi,Unhealthy,7224.799999999999,High Risk,14
2025-12-12 15:00:00,211.4,210.9,2623.0,149.3,23.0,112.5,delhi,Very Unhealthy,8050.9,High Risk,15
2025-12-12 16:00:00,239.3,238.4,2740.0,159.9,10.0,130.9,delhi,Very Unhealthy,8583.1,High Risk,16
2025-12-12 17:00:00,262.6,261.7,2766.0,165.4,7.0,149.8,delhi,Very Unhealthy,8910.1,High Risk,17
2025-12-12 18:00:00,274.7,273.8,2763.0,164.9,6.0,157.8,delhi,Very Unhealthy,9027.9,High Risk,18
2025-12-12 19:00:00,268.2,267.3,2736.0,155.5,6.0,146.6,delhi,Very Unhealthy,8839.5,High Risk,19
2025-12-12 20:00:00,258.0,257.0,2679.0,140.0,7.0,124.4,delhi,Very Unhealthy,8495.6,High Risk,20
2025-12-12 21:00:00,246.8,245.9,2636.0,125.6,9.0,105.2,delhi,Very Unhealthy,8192.1,High Risk,21
2025-12-12 22:00:00,238.4,238.0,2562.0,113.6,9.0,92.8,delhi,Very Unhealthy,7881.799999999999,High Risk,22
2025-12-12 23:00:00,233.3,232.4,2501.0,102.6,8.0,83.2,delhi,Very Unhealthy,7631.1,High Risk,23
2025-12-13 00:00:00,230.0,229.1,2630.0,95.6,10.0,78.4,delhi,Very Unhealthy,7821.5,High Risk,0
2025-12-13 01:00:00,233.3,232.8,3233.0,97.3,9.0,81.7,delhi,Very Unhealthy,9072.9,High Risk,1
2025-12-13 02:00:00,251.5,250.5,4026.0,103.0,10.0,89.7,delhi,Very Unhealthy,10859.8,High Risk,2
2025-12-13 03:00:00,271.9,271.9,4330.0,101.6,34.0,94.5,delhi,Very Unhealthy,11721.6,High Risk,3
2025-12-13 04:00:00,215.6,215.1,3674.0,85.6,104.0,91.5,delhi,Very Unhealthy,10090.7,High Risk,4
2025-12-13 05:00:00,176.5,175.6,2530.0,62.6,196.0,85.3,delhi,Unhealthy,7647.1,High Risk,5
2025-12-13 06:00:00,136.4,135.5,1630.0,43.8,266.0,81.7,delhi,Unhealthy,5646.7,High Risk,6
2025-12-13 07:00:00,107.1,106.2,1261.0,30.9,295.0,83.6,delhi,Unhealthy,4717.3,High Risk,7
2025-12-13 08:00:00,93.4,92.2,1137.0,22.2,301.0,88.2,delhi,Moderate,4359.8,High Risk,8
2025-12-13 09:00:00,89.6,88.2,1133.0,24.3,292.0,92.6,delhi,Moderate,4319.4,High Risk,9
2025-12-13 10:00:00,88.7,87.5,1232.0,43.7,265.0,95.4,delhi,Moderate,4519.0,High Risk,10
2025-12-13 11:00:00,112.0,110.8,1451.0,73.8,222.0,98.1,delhi,Unhealthy,5145.6,High Risk,11
2025-12-13 12:00:00,150.4,149.0,1723.0,101.7,178.0,102.2,delhi,Unhealthy,5991.8,High Risk,12
2025-12-13 13:00:00,194.2,192.8,2096.0,125.9,131.0,111.1,delhi,Unhealthy,7079.6,High Risk,13
2025-12-13 14:00:00,228.2,227.2,2520.0,147.8,83.0,121.5,delhi,Very Unhealthy,8186.8,High Risk,14
2025-12-13 15:00:00,240.3,239.3,2780.0,159.1,49.0,125.2,delhi,Very Unhealthy,8761.6,High Risk,15
2025-12-13 16:00:00,231.9,231.4,2731.0,153.0,40.0,116.9,delhi,Very Unhealthy,8514.3,High Risk,16
2025-12-13 17:00:00,218.4,217.5,2517.0,136.4,46.0,101.9,delhi,Very Unhealthy,7867.9,High Risk,17
2025-12-13 18:00:00,205.4,204.4,2357.0,120.8,51.0,88.2,delhi,Very Unhealthy,7341.200000000001,High Risk,18
2025-12-13 19:00:00,195.1,194.2,2336.0,110.5,51.0,78.2,delhi,Unhealthy,7136.1,High Risk,19
2025-12-13 20:00:00,190.5,189.5,2369.0,101.3,50.0,69.4,delhi,Unhealthy,7089.8,High Risk,20
2025-12-13 21:00:00,189.1,188.6,2418.0,92.7,48.0,62.6,delhi,Unhealthy,7111.5,High Risk,21
2025-12-13 22:00:00,188.6,187.7,2413.0,83.2,45.0,57.3,delhi,Unhealthy,7027.299999999999,High Risk,22
2025-12-13 23:00:00,188.6,187.7,2423.0,74.3,42.0,54.0,delhi,Unhealthy,6989.5,High Risk,23
2025-12-14 00:00:00,189.5,189.1,2621.0,69.9,40.0,54.6,delhi,Unhealthy,7374.0,High Risk,0
2025-12-14 01:00:00,197.4,197.0,3289.0,75.3,30.0,62.6,delhi,Unhealthy,8796.8,High Risk,1
2025-12-14 02:00:00,218.9,218.4,4144.0,85.3,21.0,74.6,delhi,Very Unhealthy,10739.3,High Risk,2
2025-12-14 03:00:00,242.1,241.2,4510.0,87.4,38.0,82.5,delhi,Very Unhealthy,11745.9,High Risk,3
2025-12-14 04:00:00,199.3,198.8,3935.0,73.7,105.0,81.2,delhi,Unhealthy,10396.5,High Risk,4
2025-12-14 05:00:00,168.1,167.6,2871.0,52.3,199.0,75.8,delhi,Unhealthy,8193.7,High Risk,5
2025-12-14 06:00:00,140.6,140.2,1993.0,35.0,269.0,73.7,delhi,Unhealthy,6350.6,High Risk,6
2025-12-14 07:00:00,119.2,118.0,1534.0,24.7,298.0,79.3,delhi,Unhealthy,5325.6,High Risk,7
2025-12-14 08:00:00,104.1,102.7,1262.0,18.6,305.0,88.2,delhi,Unhealthy,4692.0,High Risk,8
2025-12-14 09:00:00,95.2,94.1,1152.0,20.3,295.0,94.0,delhi,Moderate,4402.3,High Risk,9
2025-12-14 10:00:00,90.8,89.4,1229.0,34.0,265.0,92.5,delhi,Moderate,4478.4,High Risk,10
2025-12-14 11:00:00,100.1,99.0,1467.0,55.6,219.0,87.8,delhi,Moderate,4959.9,High Risk,11
2025-12-14 12:00:00,131.8,130.4,1770.0,76.3,173.0,86.3,delhi,Unhealthy,5756.8,High Risk,12
2025-12-14 13:00:00,162.1,161.1,2150.0,95.0,128.0,91.5,delhi,Unhealthy,6721.8,High Risk,13
2025-12-14 14:00:00,191.9,190.9,2595.0,112.8,83.0,99.8,delhi,Unhealthy,7819.6,High Risk,14
2025-12-14 15:00:00,216.5,215.6,2966.0,124.0,49.0,106.4,delhi,Very Unhealthy,8728.1,High Risk,15
2025-12-14 16:00:00,237.5,236.6,3240.0,125.1,32.0,110.4,delhi,Very Unhealthy,9413.5,High Risk,16
2025-12-14 17:00:00,253.3,252.4,3440.0,119.7,27.0,112.5,delhi,Very Unhealthy,9911.7,High Risk,17
2025-12-14 18:00:00,259.8,258.0,3498.0,112.5,24.0,110.6,delhi,Very Unhealthy,10029.8,High Risk,18
2025-12-14 19:00:00,254.3,253.3,3329.0,104.4,22.0,102.0,delhi,Very Unhealthy,9579.0,High Risk,19
2025-12-14 20:00:00,244.9,243.1,3017.0,94.5,22.0,89.3,delhi,Very Unhealthy,8785.4,High Risk,20
2025-12-14 21:00:00,231.4,230.5,2750.0,85.3,24.0,77.6,delhi,Very Unhealthy,8070.3,High Risk,21
2025-12-14 22:00:00,215.6,214.7,2580.0,76.9,26.0,67.8,delhi,Very Unhealthy,7537.1,High Risk,22
2025-12-14 23:00:00,197.4,196.5,2454.0,69.2,29.0,59.0,delhi,Unhealthy,7082.5,High Risk,23
2025-12-15 00:00:00,182.5,181.6,2389.0,63.9,32.0,53.7,delhi,Unhealthy,6799.9,High Risk,0
2025-12-15 01:00:00,178.8,177.9,2408.0,63.8,31.0,54.7,delhi,Unhealthy,6808.9,High Risk,1
2025-12-15 02:00:00,187.2,185.8,2575.8,66.1,31.0,59.2,delhi,Unhealthy,7236.400000000001,High Risk,2
2025-12-15 03:00:00,183.9,183.0,2658.0,63.8,46.0,61.4,delhi,Unhealthy,7421.5,High Risk,3
2025-12-15 04:00:00,159.3,158.3,2327.0,51.9,93.0,58.6,delhi,Unhealthy,6644.4,High Risk,4
2025-12-15 05:00:00,132.2,131.3,1817.0,35.4,156.0,53.5,delhi,Unhealthy,5510.7,High Risk,5
2025-12-15 06:00:00,95.2,93.6,1369.0,22.2,200.0,48.2,delhi,Moderate,4373.2,High Risk,6
2025-12-15 07:00:00,65.7,64.0,1045.0,14.5,210.0,42.8,delhi,Moderate,3466.3,High Risk,7
2025-12-15 08:00:00,51.1,49.4,782.0,10.1,201.0,37.2,delhi,Good,2756.5,High Risk,8
2025-12-15 09:00:00,46.1,44.4,633.0,10.6,185.0,33.5,delhi,Good,2357.7,High Risk,9
2025-12-15 10:00:00,44.9,43.3,664.0,19.3,162.0,33.0,delhi,Good,2374.4,High Risk,10
2025-12-15 11:00:00,46.8,45.4,809.0,32.9,132.0,34.4,delhi,Good,2650.6,High Risk,11
2025-12-15 12:00:00,58.1,56.9,922.0,42.9,111.0,35.5,delhi,Moderate,2949.4,High Risk,12
2025-12-11 00:00:00,30.4,29.5,348.0,8.4,92.0,20.8,hyderabad,Good,1327.5,High Risk,0
2025-12-11 01:00:00,29.7,29.0,515.0,12.1,86.0,20.7,hyderabad,Good,1653.3,High Risk,1
2025-12-11 02:00:00,30.7,30.2,730.0,17.6,79.0,21.2,hyderabad,Good,2095.3,High Risk,2
2025-12-11 03:00:00,27.4,27.1,830.0,19.9,82.0,20.9,hyderabad,Good,2286.9,High Risk,3
2025-12-11 04:00:00,22.0,21.7,701.0,16.0,105.0,18.8,hyderabad,Good,2030.7,High Risk,4
2025-12-11 05:00:00,18.9,18.5,458.0,9.1,139.0,15.8,hyderabad,Good,1581.8,High Risk,5
2025-12-11 06:00:00,17.2,16.8,274.0,3.8,163.0,13.3,hyderabad,Good,1241.0,High Risk,6
2025-12-11 07:00:00,16.6,16.3,223.0,1.9,171.0,11.7,hyderabad,Good,1144.7,High Risk,7
2025-12-11 08:00:00,16.0,15.7,231.0,1.6,169.0,10.6,hyderabad,Good,1144.3,High Risk,8
2025-12-11 09:00:00,15.3,15.0,260.0,2.7,163.0,9.8,hyderabad,Good,1179.9,High Risk,9
2025-12-11 10:00:00,15.0,14.6,303.0,5.2,152.0,9.2,hyderabad,Good,1237.6,High Risk,10
2025-12-11 11:00:00,15.0,14.6,366.0,9.1,136.0,8.9,hyderabad,Good,1330.0,High Risk,11
2025-12-11 12:00:00,18.4,18.1,423.0,13.9,119.0,9.4,hyderabad,Good,1441.9,High Risk,12
2025-12-11 13:00:00,24.3,24.0,471.0,20.6,102.0,11.2,hyderabad,Good,1568.1,High Risk,13
2025-12-11 14:00:00,28.2,27.8,514.0,28.2,84.0,13.7,hyderabad,Good,1671.2,High Risk,14
2025-12-11 15:00:00,30.7,30.3,540.0,33.5,72.0,16.0,hyderabad,Good,1737.6,High Risk,15
2025-12-11 16:00:00,32.9,32.5,546.0,35.1,68.0,17.7,hyderabad,Good,1768.4,High Risk,16
2025-12-11 17:00:00,35.5,34.9,536.0,34.4,68.0,19.2,hyderabad,Good,1771.4,High Risk,17
2025-12-11 18:00:00,37.3,36.6,509.0,32.7,70.0,20.4,hyderabad,Good,1735.3,High Risk,18
2025-12-11 19:00:00,37.6,36.8,452.0,29.9,72.0,21.0,hyderabad,Good,1620.4,High Risk,19
2025-12-11 20:00:00,38.0,37.0,378.0,26.1,74.0,21.3,hyderabad,Good,1466.6,High Risk,20
2025-12-11 21:00:00,38.4,37.4,332.0,22.8,77.0,21.9,hyderabad,Good,1376.0,High Risk,21
2025-12-11 22:00:00,38.3,37.1,299.0,19.9,80.0,23.1,hyderabad,Good,1310.4,High Risk,22
2025-12-11 23:00:00,38.2,36.9,293.0,17.4,82.0,24.7,hyderabad,Good,1299.5,High Risk,23
2025-12-12 00:00:00,38.5,37.0,401.0,17.0,83.0,26.2,hyderabad,Good,1524.3,High Risk,0
2025-12-12 01:00:00,42.1,40.5,775.0,21.4,77.0,28.0,hyderabad,Good,2307.4,High Risk,1
2025-12-12 02:00:00,50.4,48.8,1262.0,27.9,69.0,29.6,hyderabad,Good,3356.2,High Risk,2
2025-12-12 03:00:00,43.1,42.0,1500.0,30.1,72.0,29.9,hyderabad,Good,3795.3,High Risk,3
2025-12-12 04:00:00,25.7,24.4,1241.0,23.4,96.0,27.7,hyderabad,Good,3173.5,High Risk,4
2025-12-12 05:00:00,20.8,19.5,731.0,12.3,131.0,24.0,hyderabad,Good,2160.1,High Risk,5
2025-12-12 06:00:00,19.8,18.2,345.0,4.0,157.0,20.7,hyderabad,Good,1410.2,High Risk,6
2025-12-12 07:00:00,20.0,18.1,243.0,1.2,168.0,18.3,hyderabad,Good,1218.5,High Risk,7
2025-12-12 08:00:00,20.1,18.1,264.0,1.2,171.0,16.2,hyderabad,Good,1261.4,High Risk,8
2025-12-12 09:00:00,20.3,18.2,304.0,2.7,169.0,14.7,hyderabad,Good,1336.5,High Risk,9
2025-12-12 10:00:00,20.7,18.6,336.0,5.4,160.0,13.7,hyderabad,Good,1383.5,High Risk,10
2025-12-12 11:00:00,21.3,19.3,386.0,9.5,146.0,13.3,hyderabad,Good,1461.6,High Risk,11
2025-12-12 12:00:00,25.6,23.9,431.0,14.6,130.0,13.7,hyderabad,Good,1561.5,High Risk,12
2025-12-12 13:00:00,32.4,30.6,463.0,21.7,112.0,15.4,hyderabad,Good,1660.6,High Risk,13
2025-12-12 14:00:00,37.3,35.4,489.0,29.8,93.0,17.9,hyderabad,Good,1736.6999999999998,High Risk,14
2025-12-12 15:00:00,40.7,38.9,512.0,35.5,79.0,20.2,hyderabad,Good,1800.4,High Risk,15
2025-12-12 16:00:00,43.5,41.4,535.0,37.1,74.0,21.9,hyderabad,Good,1865.5,High Risk,16
2025-12-12 17:00:00,46.9,44.6,554.0,36.2,74.0,23.4,hyderabad,Good,1932.1,High Risk,17
2025-12-12 18:00:00,49.1,46.7,556.0,34.3,76.0,24.3,hyderabad,Good,1955.2,High Risk,18
2025-12-12 19:00:00,49.4,46.7,525.0,31.2,79.0,24.3,hyderabad,Good,1890.7,High Risk,19
2025-12-12 20:00:00,49.8,47.0,478.0,27.1,83.0,23.9,hyderabad,Good,1793.4,High Risk,20
2025-12-12 21:00:00,50.5,47.6,452.0,23.5,87.0,23.7,hyderabad,Good,1743.3,High Risk,21
2025-12-12 22:00:00,51.5,48.3,449.0,20.4,91.0,24.1,hyderabad,Good,1745.0,High Risk,22
2025-12-12 23:00:00,52.4,49.1,469.0,17.9,94.0,24.9,hyderabad,Good,1793.9,High Risk,23
2025-12-13 00:00:00,53.2,49.7,544.0,18.0,95.0,25.8,hyderabad,Good,1956.3000000000002,High Risk,0
2025-12-13 01:00:00,56.5,52.9,758.0,24.1,90.0,27.6,hyderabad,Moderate,2426.8,High Risk,1
2025-12-13 02:00:00,64.7,61.0,1028.0,32.7,84.0,29.6,hyderabad,Moderate,3056.3,High Risk,2
2025-12-13 03:00:00,59.1,56.5,1141.0,35.8,86.0,29.8,hyderabad,Moderate,3262.2,High Risk,3
2025-12-13 04:00:00,34.3,31.5,943.0,27.6,107.0,26.7,hyderabad,Good,2684.6,High Risk,4
2025-12-13 05:00:00,26.8,24.4,588.0,13.9,136.0,21.8,hyderabad,Good,1929.2,High Risk,5
2025-12-13 06:00:00,24.7,22.8,323.0,3.7,159.0,17.9,hyderabad,Good,1397.5,High Risk,6
2025-12-13 07:00:00,24.7,23.0,256.0,0.6,169.0,16.1,hyderabad,Good,1274.9,High Risk,7
2025-12-13 08:00:00,24.9,23.1,280.0,0.9,172.0,15.2,hyderabad,Good,1330.6,High Risk,8
2025-12-13 09:00:00,24.8,23.1,320.0,2.7,170.0,14.6,hyderabad,Good,1409.1,High Risk,9
2025-12-13 10:00:00,24.7,22.9,358.0,5.5,161.0,13.9,hyderabad,Good,1465.2,High Risk,10
2025-12-13 11:00:00,24.9,23.2,412.0,9.7,145.0,13.5,hyderabad,Good,1542.5,High Risk,11
2025-12-13 12:00:00,29.2,27.8,463.0,14.6,129.0,13.8,hyderabad,Good,1653.2,High Risk,12
2025-12-13 13:00:00,35.5,34.1,507.0,21.1,110.0,15.3,hyderabad,Good,1766.6,High Risk,13
2025-12-13 14:00:00,39.2,38.0,548.0,28.3,91.0,17.5,hyderabad,Good,1859.8,High Risk,14
2025-12-13 15:00:00,41.2,39.8,574.0,32.8,77.0,19.3,hyderabad,Good,1910.0,High Risk,15
2025-12-13 16:00:00,42.6,41.2,570.0,32.9,74.0,20.2,hyderabad,Good,1908.1999999999998,High Risk,16
2025-12-13 17:00:00,44.0,42.6,551.0,30.4,77.0,20.6,hyderabad,Good,1882.0,High Risk,17
2025-12-13 18:00:00,44.2,42.7,547.0,27.3,82.0,20.8,hyderabad,Good,1878.5,High Risk,18
2025-12-13 19:00:00,43.7,42.1,570.0,23.7,88.0,20.6,hyderabad,Good,1922.8000000000002,High Risk,19
2025-12-13 20:00:00,43.7,42.1,607.0,19.4,96.0,20.2,hyderabad,Good,2002.0,High Risk,20
2025-12-13 21:00:00,44.4,42.8,657.0,16.0,102.0,20.2,hyderabad,Good,2112.0,High Risk,21
2025-12-13 22:00:00,45.2,43.5,719.0,13.5,107.0,20.9,hyderabad,Good,2249.7,High Risk,22
2025-12-13 23:00:00,45.9,44.4,793.0,11.9,111.0,22.0,hyderabad,Good,2414.3,High Risk,23
2025-12-14 00:00:00,47.4,45.8,872.0,12.5,112.0,23.1,hyderabad,Good,2593.6,High Risk,0
2025-12-14 01:00:00,51.6,50.1,993.0,18.1,108.0,24.5,hyderabad,Moderate,2885.7,High Risk,1
2025-12-14 02:00:00,61.2,59.8,1119.0,26.0,101.0,26.0,hyderabad,Moderate,3231.6,High Risk,2
2025-12-14 03:00:00,53.8,52.7,1133.0,29.1,102.0,26.0,hyderabad,Moderate,3217.3,High Risk,3
2025-12-14 04:00:00,36.0,34.7,931.0,22.6,119.0,23.4,hyderabad,Good,2684.5,High Risk,4
2025-12-14 05:00:00,32.9,31.5,616.0,11.4,143.0,19.4,hyderabad,Good,2040.4,High Risk,5
2025-12-14 06:00:00,29.3,27.9,381.0,3.0,161.0,16.3,hyderabad,Good,1549.6,High Risk,6
2025-12-14 07:00:00,28.0,26.6,310.0,0.5,168.0,15.0,hyderabad,Good,1403.0,High Risk,7
2025-12-14 08:00:00,27.7,26.1,318.0,0.9,170.0,14.5,hyderabad,Good,1421.2,High Risk,8
2025-12-14 09:00:00,27.6,26.0,344.0,2.6,166.0,14.3,hyderabad,Good,1466.4,High Risk,9
2025-12-14 10:00:00,27.5,25.7,374.0,5.4,157.0,13.9,hyderabad,Good,1507.2,High Risk,10
2025-12-14 11:00:00,27.8,26.0,421.0,9.5,142.0,13.7,hyderabad,Good,1574.2,High Risk,11
2025-12-14 12:00:00,32.6,31.2,462.0,14.6,126.0,14.3,hyderabad,Good,1671.4,High Risk,12
2025-12-14 13:00:00,39.6,38.1,476.0,21.7,107.0,16.2,hyderabad,Good,1733.9,High Risk,13
2025-12-14 14:00:00,43.9,42.5,484.0,29.7,86.0,18.8,hyderabad,Good,1764.2,High Risk,14
2025-12-14 15:00:00,47.0,45.6,525.0,34.8,72.0,20.9,hyderabad,Good,1857.8,High Risk,15
2025-12-14 16:00:00,49.7,48.3,621.0,34.8,68.0,21.9,hyderabad,Good,2063.4,High Risk,16
2025-12-14 17:00:00,51.3,49.9,750.0,31.7,71.0,22.4,hyderabad,Good,2332.8,High Risk,17
2025-12-14 18:00:00,51.8,50.3,883.0,28.2,75.0,22.7,hyderabad,Moderate,2601.5,High Risk,18
2025-12-14 19:00:00,51.5,49.9,1053.0,24.5,80.0,22.8,hyderabad,Good,2939.2,High Risk,19
2025-12-14 20:00:00,51.9,50.3,1227.0,20.4,87.0,22.7,hyderabad,Moderate,3294.6,High Risk,20
2025-12-14 21:00:00,52.7,51.0,1278.0,17.1,93.0,23.0,hyderabad,Moderate,3408.5,High Risk,21
2025-12-14 22:00:00,53.6,51.8,1069.0,14.8,98.0,23.9,hyderabad,Moderate,3006.6,High Risk,22
2025-12-14 23:00:00,54.4,52.6,736.0,13.3,102.0,25.2,hyderabad,Moderate,2358.2,High Risk,23
2025-12-15 00:00:00,56.1,54.4,552.5,14.0,104.0,26.6,hyderabad,Moderate,2019.7,High Risk,0
2025-12-15 01:00:00,61.0,59.3,555.5,19.5,101.0,28.5,hyderabad,Moderate,2085.5,High Risk,1
2025-12-15 02:00:00,71.5,69.6,664.8,27.1,97.0,30.6,hyderabad,Moderate,2413.8999999999996,High Risk,2
2025-12-15 03:00:00,59.1,58.0,745.0,30.0,101.0,31.0,hyderabad,Moderate,2504.3,High Risk,3
2025-12-15 04:00:00,43.0,41.6,644.0,23.2,121.0,28.5,hyderabad,Good,2194.8,High Risk,4
2025-12-15 05:00:00,38.3,36.9,475.0,11.7,148.0,24.3,hyderabad,Good,1837.4,High Risk,5
2025-12-15 06:00:00,35.4,33.9,347.0,3.1,168.0,20.8,hyderabad,Good,1569.3,High Risk,6
2025-12-15 07:00:00,34.2,32.6,307.0,0.6,174.0,18.8,hyderabad,Good,1479.2,High Risk,7
2025-12-15 08:00:00,34.0,32.4,308.0,1.1,172.0,17.5,hyderabad,Good,1470.4,High Risk,8
2025-12-15 09:00:00,34.0,32.2,321.0,2.5,167.0,16.6,hyderabad,Good,1482.4,High Risk,9
2025-12-15 10:00:00,34.2,32.5,345.0,4.9,156.0,16.0,hyderabad,Good,1506.7,High Risk,10
2025-12-15 11:00:00,35.0,33.3,381.0,8.4,142.0,15.8,hyderabad,Good,1556.3,High Risk,11
2025-12-15 12:00:00,38.5,37.1,407.0,10.9,131.0,15.7,hyderabad,Good,1614.4,High Risk,12
2025-12-11 00:00:00,30.4,29.5,348.0,8.4,92.0,20.8,hyderabad,Good,1327.5,High Risk,0
2025-12-11 01:00:00,29.7,29.0,515.0,12.1,86.0,20.7,hyderabad,Good,1653.3,High Risk,1
2025-12-11 02:00:00,30.7,30.2,730.0,17.6,79.0,21.2,hyderabad,Good,2095.3,High Risk,2
2025-12-11 03:00:00,27.4,27.1,830.0,19.9,82.0,20.9,hyderabad,Good,2286.9,High Risk,3
2025-12-11 04:00:00,22.0,21.7,701.0,16.0,105.0,18.8,hyderabad,Good,2030.7,High Risk,4
2025-12-11 05:00:00,18.9,18.5,458.0,9.1,139.0,15.8,hyderabad,Good,1581.8,High Risk,5
2025-12-11 06:00:00,17.2,16.8,274.0,3.8,163.0,13.3,hyderabad,Good,1241.0,High Risk,6
2025-12-11 07:00:00,16.6,16.3,223.0,1.9,171.0,11.7,hyderabad,Good,1144.7,High Risk,7
2025-12-11 08:00:00,16.0,15.7,231.0,1.6,169.0,10.6,hyderabad,Good,1144.3,High Risk,8
2025-12-11 09:00:00,15.3,15.0,260.0,2.7,163.0,9.8,hyderabad,Good,1179.9,High Risk,9
2025-12-11 10:00:00,15.0,14.6,303.0,5.2,152.0,9.2,hyderabad,Good,1237.6,High Risk,10
2025-12-11 11:00:00,15.0,14.6,366.0,9.1,136.0,8.9,hyderabad,Good,1330.0,High Risk,11
2025-12-11 12:00:00,18.4,18.1,423.0,13.9,119.0,9.4,hyderabad,Good,1441.9,High Risk,12
2025-12-11 13:00:00,24.3,24.0,471.0,20.6,102.0,11.2,hyderabad,Good,1568.1,High Risk,13
2025-12-11 14:00:00,28.2,27.8,514.0,28.2,84.0,13.7,hyderabad,Good,1671.2,High Risk,14
2025-12-11 15:00:00,30.7,30.3,540.0,33.5,72.0,16.0,hyderabad,Good,1737.6,High Risk,15
2025-12-11 16:00:00,32.9,32.5,546.0,35.1,68.0,17.7,hyderabad,Good,1768.4,High Risk,16
2025-12-11 17:00:00,35.5,34.9,536.0,34.4,68.0,19.2,hyderabad,Good,1771.4,High Risk,17
2025-12-11 18:00:00,37.3,36.6,509.0,32.7,70.0,20.4,hyderabad,Good,1735.3,High Risk,18
2025-12-11 19:00:00,37.6,36.8,452.0,29.9,72.0,21.0,hyderabad,Good,1620.4,High Risk,19
2025-12-11 20:00:00,38.0,37.0,378.0,26.1,74.0,21.3,hyderabad,Good,1466.6,High Risk,20
2025-12-11 21:00:00,38.4,37.4,332.0,22.8,77.0,21.9,hyderabad,Good,1376.0,High Risk,21
2025-12-11 22:00:00,38.3,37.1,299.0,19.9,80.0,23.1,hyderabad,Good,1310.4,High Risk,22
2025-12-11 23:00:00,38.2,36.9,293.0,17.4,82.0,24.7,hyderabad,Good,1299.5,High Risk,23
2025-12-12 00:00:00,38.5,37.0,401.0,17.0,83.0,26.2,hyderabad,Good,1524.3,High Risk,0
2025-12-12 01:00:00,42.1,40.5,775.0,21.4,77.0,28.0,hyderabad,Good,2307.4,High Risk,1
2025-12-12 02:00:00,50.4,48.8,1262.0,27.9,69.0,29.6,hyderabad,Good,3356.2,High Risk,2
2025-12-12 03:00:00,43.1,42.0,1500.0,30.1,72.0,29.9,hyderabad,Good,3795.3,High Risk,3
2025-12-12 04:00:00,25.7,24.4,1241.0,23.4,96.0,27.7,hyderabad,Good,3173.5,High Risk,4
2025-12-12 05:00:00,20.8,19.5,731.0,12.3,131.0,24.0,hyderabad,Good,2160.1,High Risk,5
2025-12-12 06:00:00,19.8,18.2,345.0,4.0,157.0,20.7,hyderabad,Good,1410.2,High Risk,6
2025-12-12 07:00:00,20.0,18.1,243.0,1.2,168.0,18.3,hyderabad,Good,1218.5,High Risk,7
2025-12-12 08:00:00,20.1,18.1,264.0,1.2,171.0,16.2,hyderabad,Good,1261.4,High Risk,8
2025-12-12 09:00:00,20.3,18.2,304.0,2.7,169.0,14.7,hyderabad,Good,1336.5,High Risk,9
2025-12-12 10:00:00,20.7,18.6,336.0,5.4,160.0,13.7,hyderabad,Good,1383.5,High Risk,10
2025-12-12 11:00:00,21.3,19.3,386.0,9.5,146.0,13.3,hyderabad,Good,1461.6,High Risk,11
2025-12-12 12:00:00,25.6,23.9,431.0,14.6,130.0,13.7,hyderabad,Good,1561.5,High Risk,12
2025-12-12 13:00:00,32.4,30.6,463.0,21.7,112.0,15.4,hyderabad,Good,1660.6,High Risk,13
2025-12-12 14:00:00,37.3,35.4,489.0,29.8,93.0,17.9,hyderabad,Good,1736.6999999999998,High Risk,14
2025-12-12 15:00:00,40.7,38.9,512.0,35.5,79.0,20.2,hyderabad,Good,1800.4,High Risk,15
2025-12-12 16:00:00,43.5,41.4,535.0,37.1,74.0,21.9,hyderabad,Good,1865.5,High Risk,16
2025-12-12 17:00:00,46.9,44.6,554.0,36.2,74.0,23.4,hyderabad,Good,1932.1,High Risk,17
2025-12-12 18:00:00,49.1,46.7,556.0,34.3,76.0,24.3,hyderabad,Good,1955.2,High Risk,18
2025-12-12 19:00:00,49.4,46.7,525.0,31.2,79.0,24.3,hyderabad,Good,1890.7,High Risk,19
2025-12-12 20:00:00,49.8,47.0,478.0,27.1,83.0,23.9,hyderabad,Good,1793.4,High Risk,20
2025-12-12 21:00:00,50.5,47.6,452.0,23.5,87.0,23.7,hyderabad,Good,1743.3,High Risk,21
2025-12-12 22:00:00,51.5,48.3,449.0,20.4,91.0,24.1,hyderabad,Good,1745.0,High Risk,22
2025-12-12 23:00:00,52.4,49.1,469.0,17.9,94.0,24.9,hyderabad,Good,1793.9,High Risk,23
2025-12-13 00:00:00,53.2,49.7,544.0,18.0,95.0,25.8,hyderabad,Good,1956.3000000000002,High Risk,0
2025-12-13 01:00:00,56.5,52.9,758.0,24.1,90.0,27.6,hyderabad,Moderate,2426.8,High Risk,1
2025-12-13 02:00:00,64.7,61.0,1028.0,32.7,84.0,29.6,hyderabad,Moderate,3056.3,High Risk,2
2025-12-13 03:00:00,59.1,56.5,1141.0,35.8,86.0,29.8,hyderabad,Moderate,3262.2,High Risk,3
2025-12-13 04:00:00,34.3,31.5,943.0,27.6,107.0,26.7,hyderabad,Good,2684.6,High Risk,4
2025-12-13 05:00:00,26.8,24.4,588.0,13.9,136.0,21.8,hyderabad,Good,1929.2,High Risk,5
2025-12-13 06:00:00,24.7,22.8,323.0,3.7,159.0,17.9,hyderabad,Good,1397.5,High Risk,6
2025-12-13 07:00:00,24.7,23.0,256.0,0.6,169.0,16.1,hyderabad,Good,1274.9,High Risk,7
2025-12-13 08:00:00,24.9,23.1,280.0,0.9,172.0,15.2,hyderabad,Good,1330.6,High Risk,8
2025-12-13 09:00:00,24.8,23.1,320.0,2.7,170.0,14.6,hyderabad,Good,1409.1,High Risk,9
2025-12-13 10:00:00,24.7,22.9,358.0,5.5,161.0,13.9,hyderabad,Good,1465.2,High Risk,10
2025-12-13 11:00:00,24.9,23.2,412.0,9.7,145.0,13.5,hyderabad,Good,1542.5,High Risk,11
2025-12-13 12:00:00,29.2,27.8,463.0,14.6,129.0,13.8,hyderabad,Good,1653.2,High Risk,12
2025-12-13 13:00:00,35.5,34.1,507.0,21.1,110.0,15.3,hyderabad,Good,1766.6,High Risk,13
2025-12-13 14:00:00,39.2,38.0,548.0,28.3,91.0,17.5,hyderabad,Good,1859.8,High Risk,14
2025-12-13 15:00:00,41.2,39.8,574.0,32.8,77.0,19.3,hyderabad,Good,1910.0,High Risk,15
2025-12-13 16:00:00,42.6,41.2,570.0,32.9,74.0,20.2,hyderabad,Good,1908.1999999999998,High Risk,16
2025-12-13 17:00:00,44.0,42.6,551.0,30.4,77.0,20.6,hyderabad,Good,1882.0,High Risk,17
2025-12-13 18:00:00,44.2,42.7,547.0,27.3,82.0,20.8,hyderabad,Good,1878.5,High Risk,18
2025-12-13 19:00:00,43.7,42.1,570.0,23.7,88.0,20.6,hyderabad,Good,1922.8000000000002,High Risk,19
2025-12-13 20:00:00,43.7,42.1,607.0,19.4,96.0,20.2,hyderabad,Good,2002.0,High Risk,20
2025-12-13 21:00:00,44.4,42.8,657.0,16.0,102.0,20.2,hyderabad,Good,2112.0,High Risk,21
2025-12-13 22:00:00,45.2,43.5,719.0,13.5,107.0,20.9,hyderabad,Good,2249.7,High Risk,22
2025-12-13 23:00:00,45.9,44.4,793.0,11.9,111.0,22.0,hyderabad,Good,2414.3,High Risk,23
2025-12-14 00:00:00,47.4,45.8,872.0,12.5,112.0,23.1,hyderabad,Good,2593.6,High Risk,0
2025-12-14 01:00:00,51.6,50.1,993.0,18.1,108.0,24.5,hyderabad,Moderate,2885.7,High Risk,1
2025-12-14 02:00:00,61.2,59.8,1119.0,26.0,101.0,26.0,hyderabad,Moderate,3231.6,High Risk,2
2025-12-14 03:00:00,53.8,52.7,1133.0,29.1,102.0,26.0,hyderabad,Moderate,3217.3,High Risk,3
2025-12-14 04:00:00,36.0,34.7,931.0,22.6,119.0,23.4,hyderabad,Good,2684.5,High Risk,4
2025-12-14 05:00:00,32.9,31.5,616.0,11.4,143.0,19.4,hyderabad,Good,2040.4,High Risk,5
2025-12-14 06:00:00,29.3,27.9,381.0,3.0,161.0,16.3,hyderabad,Good,1549.6,High Risk,6
2025-12-14 07:00:00,28.0,26.6,310.0,0.5,168.0,15.0,hyderabad,Good,1403.0,High Risk,7
2025-12-14 08:00:00,27.7,26.1,318.0,0.9,170.0,14.5,hyderabad,Good,1421.2,High Risk,8
2025-12-14 09:00:00,27.6,26.0,344.0,2.6,166.0,14.3,hyderabad,Good,1466.4,High Risk,9
2025-12-14 10:00:00,27.5,25.7,374.0,5.4,157.0,13.9,hyderabad,Good,1507.2,High Risk,10
2025-12-14 11:00:00,27.8,26.0,421.0,9.5,142.0,13.7,hyderabad,Good,1574.2,High Risk,11
2025-12-14 12:00:00,32.6,31.2,462.0,14.6,126.0,14.3,hyderabad,Good,1671.4,High Risk,12
2025-12-14 13:00:00,39.6,38.1,476.0,21.7,107.0,16.2,hyderabad,Good,1733.9,High Risk,13
2025-12-14 14:00:00,43.9,42.5,484.0,29.7,86.0,18.8,hyderabad,Good,1764.2,High Risk,14
2025-12-14 15:00:00,47.0,45.6,525.0,34.8,72.0,20.9,hyderabad,Good,1857.8,High Risk,15
2025-12-14 16:00:00,49.7,48.3,621.0,34.8,68.0,21.9,hyderabad,Good,2063.4,High Risk,16
2025-12-14 17:00:00,51.3,49.9,750.0,31.7,71.0,22.4,hyderabad,Good,2332.8,High Risk,17
2025-12-14 18:00:00,51.8,50.3,883.0,28.2,75.0,22.7,hyderabad,Moderate,2601.5,High Risk,18
2025-12-14 19:00:00,51.5,49.9,1053.0,24.5,80.0,22.8,hyderabad,Good,2939.2,High Risk,19
2025-12-14 20:00:00,51.9,50.3,1227.0,20.4,87.0,22.7,hyderabad,Moderate,3294.6,High Risk,20
2025-12-14 21:00:00,52.7,51.0,1278.0,17.1,93.0,23.0,hyderabad,Moderate,3408.5,High Risk,21
2025-12-14 22:00:00,53.6,51.8,1069.0,14.8,98.0,23.9,hyderabad,Moderate,3006.6,High Risk,22
2025-12-14 23:00:00,54.4,52.6,736.0,13.3,102.0,25.2,hyderabad,Moderate,2358.2,High Risk,23
2025-12-15 00:00:00,56.1,54.4,552.5,14.0,104.0,26.6,hyderabad,Moderate,2019.7,High Risk,0
2025-12-15 01:00:00,61.0,59.3,555.5,19.5,101.0,28.5,hyderabad,Moderate,2085.5,High Risk,1
2025-12-15 02:00:00,71.5,69.6,664.8,27.1,97.0,30.6,hyderabad,Moderate,2413.8999999999996,High Risk,2
2025-12-15 03:00:00,59.1,58.0,745.0,30.0,101.0,31.0,hyderabad,Moderate,2504.3,High Risk,3
2025-12-15 04:00:00,43.0,41.6,644.0,23.2,121.0,28.5,hyderabad,Good,2194.8,High Risk,4
2025-12-15 05:00:00,38.3,36.9,475.0,11.7,148.0,24.3,hyderabad,Good,1837.4,High Risk,5
2025-12-15 06:00:00,35.4,33.9,347.0,3.1,168.0,20.8,hyderabad,Good,1569.3,High Risk,6
2025-12-15 07:00:00,34.2,32.6,307.0,0.6,174.0,18.8,hyderabad,Good,1479.2,High Risk,7
2025-12-15 08:00:00,34.0,32.4,308.0,1.1,172.0,17.5,hyderabad,Good,1470.4,High Risk,8
2025-12-15 09:00:00,34.0,32.2,321.0,2.5,167.0,16.6,hyderabad,Good,1482.4,High Risk,9
2025-12-15 10:00:00,34.2,32.5,345.0,4.9,156.0,16.0,hyderabad,Good,1506.7,High Risk,10
2025-12-15 11:00:00,35.0,33.3,381.0,8.4,142.0,15.8,hyderabad,Good,1556.3,High Risk,11
2025-12-15 12:00:00,38.5,37.1,407.0,10.9,131.0,15.7,hyderabad,Good,1614.4,High Risk,12
2025-12-11 00:00:00,190.5,187.2,1071.0,27.3,44.0,30.8,kolkata,Unhealthy,4013.9,High Risk,0
2025-12-11 01:00:00,186.3,183.9,1246.0,25.4,57.0,30.1,kolkata,Unhealthy,4363.4,High Risk,1
2025-12-11 02:00:00,178.3,176.0,1470.0,24.5,76.0,30.0,kolkata,Unhealthy,4800.9,High Risk,2
2025-12-11 03:00:00,169.0,167.2,1546.0,22.2,102.0,30.3,kolkata,Unhealthy,4951.0,High Risk,3
2025-12-11 04:00:00,156.9,154.6,1332.0,16.7,142.0,31.2,kolkata,Unhealthy,4525.3,High Risk,4
2025-12-11 05:00:00,131.3,127.6,969.0,9.8,189.0,32.5,kolkata,Unhealthy,3706.1000000000004,High Risk,5
2025-12-11 06:00:00,96.6,90.6,688.0,4.9,223.0,32.9,kolkata,Moderate,2939.0,High Risk,6
2025-12-11 07:00:00,88.5,82.0,573.0,2.4,236.0,31.3,kolkata,Moderate,2664.3,High Risk,7
2025-12-11 08:00:00,84.8,78.5,540.0,1.8,236.0,29.0,kolkata,Moderate,2558.1,High Risk,8
2025-12-11 09:00:00,83.6,77.3,558.0,4.8,226.0,28.0,kolkata,Moderate,2562.5,High Risk,9
2025-12-11 10:00:00,82.9,77.1,644.0,13.2,204.0,29.4,kolkata,Moderate,2704.6,High Risk,10
2025-12-11 11:00:00,100.1,95.5,782.0,25.2,173.0,32.1,kolkata,Moderate,3090.0,High Risk,11
2025-12-11 12:00:00,125.7,120.6,898.0,36.7,142.0,35.9,kolkata,Unhealthy,3492.5,High Risk,12
2025-12-11 13:00:00,149.9,145.3,943.0,47.0,114.0,41.5,kolkata,Unhealthy,3758.2,High Risk,13
2025-12-11 14:00:00,170.4,165.8,966.0,57.0,87.0,48.1,kolkata,Unhealthy,3953.6000000000004,High Risk,14
2025-12-11 15:00:00,185.8,181.1,1035.0,64.6,65.0,52.8,kolkata,Unhealthy,4197.5,High Risk,15
2025-12-11 16:00:00,197.9,193.2,1220.0,69.1,51.0,54.1,kolkata,Unhealthy,4645.5,High Risk,16
2025-12-11 17:00:00,206.3,201.6,1452.0,71.3,41.0,53.5,kolkata,Very Unhealthy,5153.1,High Risk,17
2025-12-11 18:00:00,210.5,205.8,1594.0,72.2,34.0,52.2,kolkata,Very Unhealthy,5448.1,High Risk,18
2025-12-11 19:00:00,213.3,209.1,1572.0,71.6,28.0,50.4,kolkata,Very Unhealthy,5401.4,High Risk,19
2025-12-11 20:00:00,214.7,210.5,1459.0,69.8,23.0,47.8,kolkata,Very Unhealthy,5154.0,High Risk,20
2025-12-11 21:00:00,213.7,209.5,1339.0,67.7,20.0,45.6,kolkata,Very Unhealthy,4879.799999999999,High Risk,21
2025-12-11 22:00:00,212.8,209.1,1211.0,66.4,14.0,44.1,kolkata,Very Unhealthy,4589.9,High Risk,22
2025-12-11 23:00:00,212.8,209.1,1076.0,65.0,9.0,42.8,kolkata,Very Unhealthy,4294.1,High Risk,23
2025-12-12 00:00:00,214.7,210.9,1023.0,61.8,15.0,41.4,kolkata,Very Unhealthy,4202.4,High Risk,0
2025-12-12 01:00:00,223.1,219.3,1156.0,56.1,38.0,40.2,kolkata,Very Unhealthy,4577.0,High Risk,1
2025-12-12 02:00:00,221.2,218.4,1370.0,48.6,73.0,38.9,kolkata,Very Unhealthy,5064.6,High Risk,2
2025-12-12 03:00:00,189.5,187.7,1445.0,39.7,109.0,36.3,kolkata,Unhealthy,5028.0,High Risk,3
2025-12-12 04:00:00,142.5,139.2,1229.0,27.7,148.0,31.0,kolkata,Unhealthy,4260.3,High Risk,4
2025-12-12 05:00:00,94.3,90.8,873.0,14.3,188.0,24.5,kolkata,Moderate,3202.1,High Risk,5
2025-12-12 06:00:00,65.4,61.7,609.0,4.8,217.0,19.5,kolkata,Moderate,2470.9,High Risk,6
2025-12-12 07:00:00,61.0,57.3,530.0,1.0,230.0,17.3,kolkata,Moderate,2292.7,High Risk,7
2025-12-12 08:00:00,58.6,54.9,543.0,1.0,232.0,16.7,kolkata,Moderate,2303.1,High Risk,8
2025-12-12 09:00:00,57.4,53.9,603.0,4.5,224.0,17.3,kolkata,Moderate,2406.9,High Risk,9
2025-12-12 10:00:00,57.4,54.2,728.0,12.7,202.0,19.1,kolkata,Moderate,2632.4,High Risk,10
2025-12-12 11:00:00,71.7,69.2,900.0,24.3,171.0,22.2,kolkata,Moderate,3060.1,High Risk,11
2025-12-12 12:00:00,93.6,91.0,1020.0,35.1,141.0,26.0,kolkata,Moderate,3443.2,High Risk,12
2025-12-12 13:00:00,112.9,110.6,1035.0,44.3,115.0,31.4,kolkata,Unhealthy,3609.5,High Risk,13
2025-12-12 14:00:00,128.5,126.2,997.0,52.7,91.0,37.5,kolkata,Unhealthy,3644.3,High Risk,14
2025-12-12 15:00:00,140.6,138.3,967.0,58.6,72.0,41.6,kolkata,Unhealthy,3664.1000000000004,High Risk,15
2025-12-12 16:00:00,150.4,148.1,971.0,61.2,60.0,42.2,kolkata,Unhealthy,3727.3,High Risk,16
2025-12-12 17:00:00,155.5,153.2,982.0,61.3,53.0,40.8,kolkata,Unhealthy,3763.9,High Risk,17
2025-12-12 18:00:00,154.6,152.3,977.0,60.2,48.0,38.9,kolkata,Unhealthy,3719.7,High Risk,18
2025-12-12 19:00:00,153.7,151.3,936.0,57.5,44.0,36.6,kolkata,Unhealthy,3598.0,High Risk,19
2025-12-12 20:00:00,153.7,151.8,879.0,53.7,43.0,33.7,kolkata,Unhealthy,3456.7,High Risk,20
2025-12-12 21:00:00,155.1,152.7,844.0,50.9,40.0,31.6,kolkata,Unhealthy,3366.8,High Risk,21
2025-12-12 22:00:00,157.4,155.1,835.0,51.1,32.0,30.8,kolkata,Unhealthy,3341.3,High Risk,22
2025-12-12 23:00:00,161.6,159.3,848.0,52.3,23.0,30.7,kolkata,Unhealthy,3378.3,High Risk,23
2025-12-13 00:00:00,164.8,162.5,911.0,51.4,26.0,30.6,kolkata,Unhealthy,3534.9,High Risk,0
2025-12-13 01:00:00,171.8,169.5,1099.0,46.7,48.0,30.8,kolkata,Unhealthy,4014.9,High Risk,1
2025-12-13 02:00:00,164.4,163.0,1338.0,39.8,83.0,31.0,kolkata,Unhealthy,4516.4,High Risk,2
2025-12-13 03:00:00,138.8,137.4,1425.0,32.1,117.0,30.0,kolkata,Unhealthy,4552.8,High Risk,3
2025-12-13 04:00:00,108.0,106.6,1216.0,22.7,151.0,26.8,kolkata,Unhealthy,3940.0,High Risk,4
2025-12-13 05:00:00,69.6,68.2,856.0,12.4,185.0,22.4,kolkata,Moderate,2956.0,High Risk,5
2025-12-13 06:00:00,48.7,47.1,582.0,5.0,210.0,18.8,kolkata,Good,2270.8,High Risk,6
2025-12-13 07:00:00,44.9,43.2,489.0,1.8,223.0,16.6,kolkata,Good,2071.3,High Risk,7
2025-12-13 08:00:00,43.7,41.7,483.0,1.5,226.0,15.2,kolkata,Good,2050.4,High Risk,8
2025-12-13 09:00:00,43.1,40.9,515.0,4.5,220.0,15.1,kolkata,Good,2102.2,High Risk,9
2025-12-13 10:00:00,43.1,41.0,588.0,12.4,199.0,16.7,kolkata,Good,2223.7,High Risk,10
2025-12-13 11:00:00,55.5,53.8,699.0,23.7,169.0,19.6,kolkata,Moderate,2513.7,High Risk,11
2025-12-13 12:00:00,77.8,76.1,791.0,33.9,140.0,22.9,kolkata,Moderate,2843.1,High Risk,12
2025-12-13 13:00:00,93.8,92.0,841.0,42.1,116.0,27.1,kolkata,Moderate,3048.2,High Risk,13
2025-12-13 14:00:00,103.8,102.2,872.0,49.3,94.0,31.8,kolkata,Unhealthy,3172.8,High Risk,14
2025-12-13 15:00:00,109.0,106.9,898.0,54.4,77.0,34.9,kolkata,Unhealthy,3245.7,High Risk,15
2025-12-13 16:00:00,113.4,110.6,931.0,56.6,66.0,35.3,kolkata,Unhealthy,3320.8,High Risk,16
2025-12-13 17:00:00,116.9,113.6,958.0,56.6,59.0,34.2,kolkata,Unhealthy,3374.9,High Risk,17
2025-12-13 18:00:00,117.1,113.4,955.0,55.5,54.0,32.6,kolkata,Unhealthy,3342.7,High Risk,18
2025-12-13 19:00:00,116.9,112.9,894.0,53.1,50.0,30.8,kolkata,Unhealthy,3188.8,High Risk,19
2025-12-13 20:00:00,116.2,112.5,803.0,49.7,47.0,28.6,kolkata,Unhealthy,2971.3,High Risk,20
2025-12-13 21:00:00,115.5,111.5,742.0,46.6,45.0,26.8,kolkata,Unhealthy,2816.6000000000004,High Risk,21
2025-12-13 22:00:00,115.0,111.3,723.0,44.8,40.0,25.6,kolkata,Unhealthy,2749.1000000000004,High Risk,22
2025-12-13 23:00:00,115.9,112.0,733.0,43.4,36.0,24.7,kolkata,Unhealthy,2754.1,High Risk,23
2025-12-14 00:00:00,118.7,114.8,793.0,41.4,40.0,24.2,kolkata,Unhealthy,2898.5,High Risk,0
2025-12-14 01:00:00,128.5,123.9,972.0,38.7,58.0,24.5,kolkata,Unhealthy,3375.8,High Risk,1
2025-12-14 02:00:00,126.7,122.5,1200.0,35.3,84.0,25.3,kolkata,Unhealthy,3887.0,High Risk,2
2025-12-14 03:00:00,108.5,105.9,1292.0,30.3,112.0,25.1,kolkata,Unhealthy,3996.6000000000004,High Risk,3
2025-12-14 04:00:00,86.6,84.3,1115.0,22.0,143.0,23.0,kolkata,Moderate,3520.3,High Risk,4
2025-12-14 05:00:00,61.5,58.3,801.0,12.2,176.0,20.0,kolkata,Moderate,2734.8,High Risk,5
2025-12-14 06:00:00,47.6,44.0,565.0,5.1,201.0,17.7,kolkata,Good,2187.0,High Risk,6
2025-12-14 07:00:00,43.1,39.1,489.0,1.8,215.0,16.4,kolkata,Good,2020.6,High Risk,7
2025-12-14 08:00:00,42.6,38.5,490.0,1.1,221.0,15.7,kolkata,Good,2030.5,High Risk,8
2025-12-14 09:00:00,42.8,38.6,539.0,4.5,217.0,16.6,kolkata,Good,2134.8,High Risk,9
2025-12-14 10:00:00,43.9,39.8,656.0,13.8,200.0,19.4,kolkata,Good,2375.5,High Risk,10
2025-12-14 11:00:00,65.2,61.7,820.0,27.1,175.0,23.8,kolkata,Moderate,2872.7,High Risk,11
2025-12-14 12:00:00,92.9,89.4,941.0,39.6,148.0,29.1,kolkata,Moderate,3326.5,High Risk,12
2025-12-14 13:00:00,117.3,113.9,974.0,50.6,122.0,36.4,kolkata,Unhealthy,3583.3999999999996,High Risk,13
2025-12-14 14:00:00,136.4,133.2,963.0,60.8,95.0,44.6,kolkata,Unhealthy,3707.8,High Risk,14
2025-12-14 15:00:00,148.5,145.3,948.0,68.2,74.0,50.4,kolkata,Unhealthy,3764.3999999999996,High Risk,15
2025-12-14 16:00:00,156.5,152.7,941.0,71.4,62.0,51.9,kolkata,Unhealthy,3794.2,High Risk,16
2025-12-14 17:00:00,160.7,155.5,931.0,71.7,57.0,51.0,kolkata,Unhealthy,3783.3999999999996,High Risk,17
2025-12-14 18:00:00,159.3,153.7,921.0,71.0,52.0,49.3,kolkata,Unhealthy,3725.6000000000004,High Risk,18
2025-12-14 19:00:00,156.9,151.3,908.0,69.3,47.0,47.1,kolkata,Unhealthy,3649.8,High Risk,19
2025-12-14 20:00:00,156.0,150.4,896.0,66.5,44.0,44.1,kolkata,Unhealthy,3586.4,High Risk,20
2025-12-14 21:00:00,157.4,151.8,895.0,64.4,40.0,41.6,kolkata,Unhealthy,3565.2000000000003,High Risk,21
2025-12-14 22:00:00,160.2,154.6,918.0,64.6,31.0,40.2,kolkata,Unhealthy,3601.8,High Risk,22
2025-12-14 23:00:00,161.6,156.5,953.0,65.3,21.0,39.4,kolkata,Unhealthy,3655.1,High Risk,23
2025-12-15 00:00:00,161.6,156.5,1192.8,63.5,24.0,38.4,kolkata,Unhealthy,4132.5,High Risk,0
2025-12-15 01:00:00,167.6,162.1,1402.5,57.4,47.0,37.5,kolkata,Unhealthy,4638.9,High Risk,1
2025-12-15 02:00:00,161.6,156.5,1551.5,48.6,83.0,36.4,kolkata,Unhealthy,4959.3,High Risk,2
2025-12-15 03:00:00,129.9,126.7,1570.0,38.9,117.0,34.0,kolkata,Unhealthy,4805.8,High Risk,3
2025-12-15 04:00:00,98.3,95.2,1227.0,27.3,148.0,28.9,kolkata,Moderate,3893.7,High Risk,4
2025-12-15 05:00:00,60.8,57.0,795.0,14.8,178.0,22.4,kolkata,Moderate,2740.2,High Risk,5
2025-12-15 06:00:00,42.3,38.1,479.0,5.8,201.0,17.5,kolkata,Good,1971.6,High Risk,6
2025-12-15 07:00:00,39.8,35.5,372.0,1.9,215.0,15.3,kolkata,Good,1754.7,High Risk,7
2025-12-15 08:00:00,39.6,35.4,382.0,1.5,220.0,14.7,kolkata,Good,1784.6,High Risk,8
2025-12-15 09:00:00,39.3,35.3,439.0,4.7,216.0,15.5,kolkata,Good,1901.2,High Risk,9
2025-12-15 10:00:00,40.0,36.2,549.0,13.9,194.0,18.3,kolkata,Good,2109.8,High Risk,10
2025-12-15 11:00:00,54.9,52.0,705.0,26.6,162.0,22.5,kolkata,Moderate,2517.1,High Risk,11
2025-12-15 12:00:00,78.9,76.1,819.0,35.9,138.0,25.6,kolkata,Moderate,2915.2,High Risk,12
2025-12-11 00:00:00,190.5,187.2,1071.0,27.3,44.0,30.8,kolkata,Unhealthy,4013.9,High Risk,0
2025-12-11 01:00:00,186.3,183.9,1246.0,25.4,57.0,30.1,kolkata,Unhealthy,4363.4,High Risk,1
2025-12-11 02:00:00,178.3,176.0,1470.0,24.5,76.0,30.0,kolkata,Unhealthy,4800.9,High Risk,2
2025-12-11 03:00:00,169.0,167.2,1546.0,22.2,102.0,30.3,kolkata,Unhealthy,4951.0,High Risk,3
2025-12-11 04:00:00,156.9,154.6,1332.0,16.7,142.0,31.2,kolkata,Unhealthy,4525.3,High Risk,4
2025-12-11 05:00:00,131.3,127.6,969.0,9.8,189.0,32.5,kolkata,Unhealthy,3706.1000000000004,High Risk,5
2025-12-11 06:00:00,96.6,90.6,688.0,4.9,223.0,32.9,kolkata,Moderate,2939.0,High Risk,6
2025-12-11 07:00:00,88.5,82.0,573.0,2.4,236.0,31.3,kolkata,Moderate,2664.3,High Risk,7
2025-12-11 08:00:00,84.8,78.5,540.0,1.8,236.0,29.0,kolkata,Moderate,2558.1,High Risk,8
2025-12-11 09:00:00,83.6,77.3,558.0,4.8,226.0,28.0,kolkata,Moderate,2562.5,High Risk,9
2025-12-11 10:00:00,82.9,77.1,644.0,13.2,204.0,29.4,kolkata,Moderate,2704.6,High Risk,10
2025-12-11 11:00:00,100.1,95.5,782.0,25.2,173.0,32.1,kolkata,Moderate,3090.0,High Risk,11
2025-12-11 12:00:00,125.7,120.6,898.0,36.7,142.0,35.9,kolkata,Unhealthy,3492.5,High Risk,12
2025-12-11 13:00:00,149.9,145.3,943.0,47.0,114.0,41.5,kolkata,Unhealthy,3758.2,High Risk,13
2025-12-11 14:00:00,170.4,165.8,966.0,57.0,87.0,48.1,kolkata,Unhealthy,3953.6000000000004,High Risk,14
2025-12-11 15:00:00,185.8,181.1,1035.0,64.6,65.0,52.8,kolkata,Unhealthy,4197.5,High Risk,15
2025-12-11 16:00:00,197.9,193.2,1220.0,69.1,51.0,54.1,kolkata,Unhealthy,4645.5,High Risk,16
2025-12-11 17:00:00,206.3,201.6,1452.0,71.3,41.0,53.5,kolkata,Very Unhealthy,5153.1,High Risk,17
2025-12-11 18:00:00,210.5,205.8,1594.0,72.2,34.0,52.2,kolkata,Very Unhealthy,5448.1,High Risk,18
2025-12-11 19:00:00,213.3,209.1,1572.0,71.6,28.0,50.4,kolkata,Very Unhealthy,5401.4,High Risk,19
2025-12-11 20:00:00,214.7,210.5,1459.0,69.8,23.0,47.8,kolkata,Very Unhealthy,5154.0,High Risk,20
2025-12-11 21:00:00,213.7,209.5,1339.0,67.7,20.0,45.6,kolkata,Very Unhealthy,4879.799999999999,High Risk,21
2025-12-11 22:00:00,212.8,209.1,1211.0,66.4,14.0,44.1,kolkata,Very Unhealthy,4589.9,High Risk,22
2025-12-11 23:00:00,212.8,209.1,1076.0,65.0,9.0,42.8,kolkata,Very Unhealthy,4294.1,High Risk,23
2025-12-12 00:00:00,214.7,210.9,1023.0,61.8,15.0,41.4,kolkata,Very Unhealthy,4202.4,High Risk,0
2025-12-12 01:00:00,223.1,219.3,1156.0,56.1,38.0,40.2,kolkata,Very Unhealthy,4577.0,High Risk,1
2025-12-12 02:00:00,221.2,218.4,1370.0,48.6,73.0,38.9,kolkata,Very Unhealthy,5064.6,High Risk,2
2025-12-12 03:00:00,189.5,187.7,1445.0,39.7,109.0,36.3,kolkata,Unhealthy,5028.0,High Risk,3
2025-12-12 04:00:00,142.5,139.2,1229.0,27.7,148.0,31.0,kolkata,Unhealthy,4260.3,High Risk,4
2025-12-12 05:00:00,94.3,90.8,873.0,14.3,188.0,24.5,kolkata,Moderate,3202.1,High Risk,5
2025-12-12 06:00:00,65.4,61.7,609.0,4.8,217.0,19.5,kolkata,Moderate,2470.9,High Risk,6
2025-12-12 07:00:00,61.0,57.3,530.0,1.0,230.0,17.3,kolkata,Moderate,2292.7,High Risk,7
2025-12-12 08:00:00,58.6,54.9,543.0,1.0,232.0,16.7,kolkata,Moderate,2303.1,High Risk,8
2025-12-12 09:00:00,57.4,53.9,603.0,4.5,224.0,17.3,kolkata,Moderate,2406.9,High Risk,9
2025-12-12 10:00:00,57.4,54.2,728.0,12.7,202.0,19.1,kolkata,Moderate,2632.4,High Risk,10
2025-12-12 11:00:00,71.7,69.2,900.0,24.3,171.0,22.2,kolkata,Moderate,3060.1,High Risk,11
2025-12-12 12:00:00,93.6,91.0,1020.0,35.1,141.0,26.0,kolkata,Moderate,3443.2,High Risk,12
2025-12-12 13:00:00,112.9,110.6,1035.0,44.3,115.0,31.4,kolkata,Unhealthy,3609.5,High Risk,13
2025-12-12 14:00:00,128.5,126.2,997.0,52.7,91.0,37.5,kolkata,Unhealthy,3644.3,High Risk,14
2025-12-12 15:00:00,140.6,138.3,967.0,58.6,72.0,41.6,kolkata,Unhealthy,3664.1000000000004,High Risk,15
2025-12-12 16:00:00,150.4,148.1,971.0,61.2,60.0,42.2,kolkata,Unhealthy,3727.3,High Risk,16
2025-12-12 17:00:00,155.5,153.2,982.0,61.3,53.0,40.8,kolkata,Unhealthy,3763.9,High Risk,17
2025-12-12 18:00:00,154.6,152.3,977.0,60.2,48.0,38.9,kolkata,Unhealthy,3719.7,High Risk,18
2025-12-12 19:00:00,153.7,151.3,936.0,57.5,44.0,36.6,kolkata,Unhealthy,3598.0,High Risk,19
2025-12-12 20:00:00,153.7,151.8,879.0,53.7,43.0,33.7,kolkata,Unhealthy,3456.7,High Risk,20
2025-12-12 21:00:00,155.1,152.7,844.0,50.9,40.0,31.6,kolkata,Unhealthy,3366.8,High Risk,21
2025-12-12 22:00:00,157.4,155.1,835.0,51.1,32.0,30.8,kolkata,Unhealthy,3341.3,High Risk,22
2025-12-12 23:00:00,161.6,159.3,848.0,52.3,23.0,30.7,kolkata,Unhealthy,3378.3,High Risk,23
2025-12-13 00:00:00,164.8,162.5,911.0,51.4,26.0,30.6,kolkata,Unhealthy,3534.9,High Risk,0
2025-12-13 01:00:00,171.8,169.5,1099.0,46.7,48.0,30.8,kolkata,Unhealthy,4014.9,High Risk,1
2025-12-13 02:00:00,164.4,163.0,1338.0,39.8,83.0,31.0,kolkata,Unhealthy,4516.4,High Risk,2
2025-12-13 03:00:00,138.8,137.4,1425.0,32.1,117.0,30.0,kolkata,Unhealthy,4552.8,High Risk,3
2025-12-13 04:00:00,108.0,106.6,1216.0,22.7,151.0,26.8,kolkata,Unhealthy,3940.0,High Risk,4
2025-12-13 05:00:00,69.6,68.2,856.0,12.4,185.0,22.4,kolkata,Moderate,2956.0,High Risk,5
2025-12-13 06:00:00,48.7,47.1,582.0,5.0,210.0,18.8,kolkata,Good,2270.8,High Risk,6
2025-12-13 07:00:00,44.9,43.2,489.0,1.8,223.0,16.6,kolkata,Good,2071.3,High Risk,7
2025-12-13 08:00:00,43.7,41.7,483.0,1.5,226.0,15.2,kolkata,Good,2050.4,High Risk,8
2025-12-13 09:00:00,43.1,40.9,515.0,4.5,220.0,15.1,kolkata,Good,2102.2,High Risk,9
2025-12-13 10:00:00,43.1,41.0,588.0,12.4,199.0,16.7,kolkata,Good,2223.7,High Risk,10
2025-12-13 11:00:00,55.5,53.8,699.0,23.7,169.0,19.6,kolkata,Moderate,2513.7,High Risk,11
2025-12-13 12:00:00,77.8,76.1,791.0,33.9,140.0,22.9,kolkata,Moderate,2843.1,High Risk,12
2025-12-13 13:00:00,93.8,92.0,841.0,42.1,116.0,27.1,kolkata,Moderate,3048.2,High Risk,13
2025-12-13 14:00:00,103.8,102.2,872.0,49.3,94.0,31.8,kolkata,Unhealthy,3172.8,High Risk,14
2025-12-13 15:00:00,109.0,106.9,898.0,54.4,77.0,34.9,kolkata,Unhealthy,3245.7,High Risk,15
2025-12-13 16:00:00,113.4,110.6,931.0,56.6,66.0,35.3,kolkata,Unhealthy,3320.8,High Risk,16
2025-12-13 17:00:00,116.9,113.6,958.0,56.6,59.0,34.2,kolkata,Unhealthy,3374.9,High Risk,17
2025-12-13 18:00:00,117.1,113.4,955.0,55.5,54.0,32.6,kolkata,Unhealthy,3342.7,High Risk,18
2025-12-13 19:00:00,116.9,112.9,894.0,53.1,50.0,30.8,kolkata,Unhealthy,3188.8,High Risk,19
2025-12-13 20:00:00,116.2,112.5,803.0,49.7,47.0,28.6,kolkata,Unhealthy,2971.3,High Risk,20
2025-12-13 21:00:00,115.5,111.5,742.0,46.6,45.0,26.8,kolkata,Unhealthy,2816.6000000000004,High Risk,21
2025-12-13 22:00:00,115.0,111.3,723.0,44.8,40.0,25.6,kolkata,Unhealthy,2749.1000000000004,High Risk,22
2025-12-13 23:00:00,115.9,112.0,733.0,43.4,36.0,24.7,kolkata,Unhealthy,2754.1,High Risk,23
2025-12-14 00:00:00,118.7,114.8,793.0,41.4,40.0,24.2,kolkata,Unhealthy,2898.5,High Risk,0
2025-12-14 01:00:00,128.5,123.9,972.0,38.7,58.0,24.5,kolkata,Unhealthy,3375.8,High Risk,1
2025-12-14 02:00:00,126.7,122.5,1200.0,35.3,84.0,25.3,kolkata,Unhealthy,3887.0,High Risk,2
2025-12-14 03:00:00,108.5,105.9,1292.0,30.3,112.0,25.1,kolkata,Unhealthy,3996.6000000000004,High Risk,3
2025-12-14 04:00:00,86.6,84.3,1115.0,22.0,143.0,23.0,kolkata,Moderate,3520.3,High Risk,4
2025-12-14 05:00:00,61.5,58.3,801.0,12.2,176.0,20.0,kolkata,Moderate,2734.8,High Risk,5
2025-12-14 06:00:00,47.6,44.0,565.0,5.1,201.0,17.7,kolkata,Good,2187.0,High Risk,6
2025-12-14 07:00:00,43.1,39.1,489.0,1.8,215.0,16.4,kolkata,Good,2020.6,High Risk,7
2025-12-14 08:00:00,42.6,38.5,490.0,1.1,221.0,15.7,kolkata,Good,2030.5,High Risk,8
2025-12-14 09:00:00,42.8,38.6,539.0,4.5,217.0,16.6,kolkata,Good,2134.8,High Risk,9
2025-12-14 10:00:00,43.9,39.8,656.0,13.8,200.0,19.4,kolkata,Good,2375.5,High Risk,10
2025-12-14 11:00:00,65.2,61.7,820.0,27.1,175.0,23.8,kolkata,Moderate,2872.7,High Risk,11
2025-12-14 12:00:00,92.9,89.4,941.0,39.6,148.0,29.1,kolkata,Moderate,3326.5,High Risk,12
2025-12-14 13:00:00,117.3,113.9,974.0,50.6,122.0,36.4,kolkata,Unhealthy,3583.3999999999996,High Risk,13
2025-12-14 14:00:00,136.4,133.2,963.0,60.8,95.0,44.6,kolkata,Unhealthy,3707.8,High Risk,14
2025-12-14 15:00:00,148.5,145.3,948.0,68.2,74.0,50.4,kolkata,Unhealthy,3764.3999999999996,High Risk,15
2025-12-14 16:00:00,156.5,152.7,941.0,71.4,62.0,51.9,kolkata,Unhealthy,3794.2,High Risk,16
2025-12-14 17:00:00,160.7,155.5,931.0,71.7,57.0,51.0,kolkata,Unhealthy,3783.3999999999996,High Risk,17
2025-12-14 18:00:00,159.3,153.7,921.0,71.0,52.0,49.3,kolkata,Unhealthy,3725.6000000000004,High Risk,18
2025-12-14 19:00:00,156.9,151.3,908.0,69.3,47.0,47.1,kolkata,Unhealthy,3649.8,High Risk,19
2025-12-14 20:00:00,156.0,150.4,896.0,66.5,44.0,44.1,kolkata,Unhealthy,3586.4,High Risk,20
2025-12-14 21:00:00,157.4,151.8,895.0,64.4,40.0,41.6,kolkata,Unhealthy,3565.2000000000003,High Risk,21
2025-12-14 22:00:00,160.2,154.6,918.0,64.6,31.0,40.2,kolkata,Unhealthy,3601.8,High Risk,22
2025-12-14 23:00:00,161.6,156.5,953.0,65.3,21.0,39.4,kolkata,Unhealthy,3655.1,High Risk,23
2025-12-15 00:00:00,161.6,156.5,1192.8,63.5,24.0,38.4,kolkata,Unhealthy,4132.5,High Risk,0
2025-12-15 01:00:00,167.6,162.1,1402.5,57.4,47.0,37.5,kolkata,Unhealthy,4638.9,High Risk,1
2025-12-15 02:00:00,161.6,156.5,1551.5,48.6,83.0,36.4,kolkata,Unhealthy,4959.3,High Risk,2
2025-12-15 03:00:00,129.9,126.7,1570.0,38.9,117.0,34.0,kolkata,Unhealthy,4805.8,High Risk,3
2025-12-15 04:00:00,98.3,95.2,1227.0,27.3,148.0,28.9,kolkata,Moderate,3893.7,High Risk,4
2025-12-15 05:00:00,60.8,57.0,795.0,14.8,178.0,22.4,kolkata,Moderate,2740.2,High Risk,5
2025-12-15 06:00:00,42.3,38.1,479.0,5.8,201.0,17.5,kolkata,Good,1971.6,High Risk,6
2025-12-15 07:00:00,39.8,35.5,372.0,1.9,215.0,15.3,kolkata,Good,1754.7,High Risk,7
2025-12-15 08:00:00,39.6,35.4,382.0,1.5,220.0,14.7,kolkata,Good,1784.6,High Risk,8
2025-12-15 09:00:00,39.3,35.3,439.0,4.7,216.0,15.5,kolkata,Good,1901.2,High Risk,9
2025-12-15 10:00:00,40.0,36.2,549.0,13.9,194.0,18.3,kolkata,Good,2109.8,High Risk,10
2025-12-15 11:00:00,54.9,52.0,705.0,26.6,162.0,22.5,kolkata,Moderate,2517.1,High Risk,11
2025-12-15 12:00:00,78.9,76.1,819.0,35.9,138.0,25.6,kolkata,Moderate,2915.2,High Risk,12
2025-12-11 00:00:00,30.7,30.7,337.0,43.5,26.0,20.8,mumbai,Good,1254.8,High Risk,0
2025-12-11 01:00:00,29.9,29.8,477.0,44.2,23.0,22.7,mumbai,Good,1529.3,High Risk,1
2025-12-11 02:00:00,32.4,32.2,661.0,44.4,24.0,25.5,mumbai,Good,1931.8,High Risk,2
2025-12-11 03:00:00,36.3,36.2,755.0,43.2,40.0,27.9,mumbai,Good,2204.3,High Risk,3
2025-12-11 04:00:00,38.8,38.8,674.0,39.7,84.0,29.1,mumbai,Good,2185.6,High Risk,4
2025-12-11 05:00:00,39.7,39.7,505.0,34.8,143.0,29.8,mumbai,Good,2015.0,High Risk,5
2025-12-11 06:00:00,38.6,38.6,370.0,30.5,198.0,30.6,mumbai,Good,1887.2,High Risk,6
2025-12-11 07:00:00,40.2,40.2,317.0,27.1,248.0,32.4,mumbai,Good,1937.6,High Risk,7
2025-12-11 08:00:00,47.4,47.4,299.0,24.2,292.0,34.5,mumbai,Good,2088.0,High Risk,8
2025-12-11 09:00:00,49.7,49.5,302.0,22.7,313.0,34.8,mumbai,Good,2169.6,High Risk,9
2025-12-11 10:00:00,48.3,47.8,330.0,24.1,293.0,32.1,mumbai,Good,2147.7,High Risk,10
2025-12-11 11:00:00,44.4,43.7,378.0,27.0,250.0,27.7,mumbai,Good,2076.5,High Risk,11
2025-12-11 12:00:00,36.3,35.5,419.0,27.8,209.0,24.0,mumbai,Good,1958.6,High Risk,12
2025-12-11 13:00:00,28.5,27.4,436.0,24.0,181.0,20.9,mumbai,Good,1817.1,High Risk,13
2025-12-11 14:00:00,24.5,23.3,445.0,18.2,156.0,18.5,mumbai,Good,1694.8,High Risk,14
2025-12-11 15:00:00,24.6,23.6,470.0,14.9,135.0,18.8,mumbai,Good,1671.6,High Risk,15
2025-12-11 16:00:00,27.5,26.7,539.0,16.7,117.0,24.8,mumbai,Good,1811.0,High Risk,16
2025-12-11 17:00:00,31.0,30.4,624.0,20.9,103.0,33.6,mumbai,Good,2020.0,High Risk,17
2025-12-11 18:00:00,33.5,33.2,663.0,24.1,90.0,38.7,mumbai,Good,2113.7,High Risk,18
2025-12-11 19:00:00,32.6,32.5,613.0,24.4,79.0,36.2,mumbai,Good,1965.7,High Risk,19
2025-12-11 20:00:00,30.7,30.6,517.0,23.7,71.0,30.0,mumbai,Good,1706.9,High Risk,20
2025-12-11 21:00:00,28.9,28.8,438.0,23.5,63.0,25.1,mumbai,Good,1490.1,High Risk,21
2025-12-11 22:00:00,27.8,27.6,381.0,24.3,56.0,23.1,mumbai,Good,1341.0,High Risk,22
2025-12-11 23:00:00,27.2,27.0,342.0,25.8,50.0,22.4,mumbai,Good,1243.4,High Risk,23
2025-12-12 00:00:00,27.3,27.1,368.0,28.2,45.0,22.9,mumbai,Good,1292.8,High Risk,0
2025-12-12 01:00:00,28.5,28.3,535.0,32.9,36.0,25.3,mumbai,Good,1637.8,High Risk,1
2025-12-12 02:00:00,32.7,32.6,767.0,38.6,28.0,28.9,mumbai,Good,2149.1,High Risk,2
2025-12-12 03:00:00,37.8,37.6,888.0,41.7,41.0,31.9,mumbai,Good,2494.8,High Risk,3
2025-12-12 04:00:00,41.3,41.1,784.0,39.5,87.0,33.2,mumbai,Good,2449.2,High Risk,4
2025-12-12 05:00:00,42.4,42.1,569.0,34.6,154.0,33.9,mumbai,Good,2211.7,High Risk,5
2025-12-12 06:00:00,42.4,42.1,410.0,31.4,217.0,34.7,mumbai,Good,2073.1,High Risk,6
2025-12-12 07:00:00,46.3,46.0,382.0,32.1,278.0,36.4,mumbai,Good,2240.9,High Risk,7
2025-12-12 08:00:00,53.2,52.9,411.0,34.4,337.0,38.3,mumbai,Moderate,2547.9,High Risk,8
2025-12-12 09:00:00,65.9,65.4,438.0,35.9,367.0,39.0,mumbai,Moderate,2801.3,High Risk,9
2025-12-12 10:00:00,53.9,53.3,435.0,35.9,351.0,37.7,mumbai,Moderate,2645.6,High Risk,10
2025-12-12 11:00:00,50.6,49.8,430.0,35.1,306.0,35.2,mumbai,Good,2460.0,High Risk,11
2025-12-12 12:00:00,45.1,44.1,452.0,32.8,261.0,32.4,mumbai,Good,2303.6,High Risk,12
2025-12-12 13:00:00,37.0,35.9,512.0,27.6,221.0,28.9,mumbai,Good,2203.5,High Risk,13
2025-12-12 14:00:00,32.1,30.9,599.0,20.9,181.0,25.0,mumbai,Good,2175.4,High Risk,14
2025-12-12 15:00:00,29.9,28.5,710.0,16.4,149.0,23.0,mumbai,Good,2256.8,High Risk,15
2025-12-12 16:00:00,29.0,27.7,862.0,15.8,131.0,24.1,mumbai,Good,2502.1,High Risk,16
2025-12-12 17:00:00,30.4,29.3,1038.0,17.4,122.0,27.0,mumbai,Good,2857.3,High Risk,17
2025-12-12 18:00:00,33.3,32.5,1183.0,19.1,113.0,30.1,mumbai,Good,3164.2,High Risk,18
2025-12-12 19:00:00,36.0,35.3,1294.0,20.4,101.0,33.3,mumbai,Good,3390.3,High Risk,19
2025-12-12 20:00:00,38.0,37.5,1375.0,21.9,89.0,36.7,mumbai,Good,3552.9,High Risk,20
2025-12-12 21:00:00,38.9,38.5,1383.0,23.5,78.0,39.0,mumbai,Good,3559.2,High Risk,21
2025-12-12 22:00:00,39.1,38.8,1263.0,24.7,69.0,39.4,mumbai,Good,3300.7,High Risk,22
2025-12-12 23:00:00,38.9,38.6,1070.0,26.0,62.0,38.7,mumbai,Good,2894.5,High Risk,23
2025-12-13 00:00:00,38.8,38.5,930.0,28.4,57.0,38.3,mumbai,Good,2606.7,High Risk,0
2025-12-13 01:00:00,38.6,38.3,920.0,33.5,48.0,39.0,mumbai,Good,2581.3,High Risk,1
2025-12-13 02:00:00,41.7,41.3,962.0,39.6,42.0,40.1,mumbai,Good,2700.4,High Risk,2
2025-12-13 03:00:00,44.6,44.2,947.0,43.2,55.0,40.8,mumbai,Good,2749.8,High Risk,3
2025-12-13 04:00:00,48.2,47.7,804.0,41.6,101.0,40.5,mumbai,Good,2622.5,High Risk,4
2025-12-13 05:00:00,50.3,49.8,605.0,37.5,168.0,39.7,mumbai,Good,2422.7,High Risk,5
2025-12-13 06:00:00,50.1,49.5,456.0,34.8,234.0,39.3,mumbai,Good,2308.2,High Risk,6
2025-12-13 07:00:00,55.3,54.5,404.0,35.5,304.0,40.2,mumbai,Moderate,2461.2,High Risk,7
2025-12-13 08:00:00,69.2,68.2,402.0,37.7,373.0,41.4,mumbai,Moderate,2788.0,High Risk,8
2025-12-13 09:00:00,70.3,69.4,414.0,39.6,410.0,41.1,mumbai,Moderate,2938.7,High Risk,9
2025-12-13 10:00:00,61.9,61.0,435.0,41.6,393.0,37.9,mumbai,Moderate,2857.7,High Risk,10
2025-12-13 11:00:00,54.7,53.4,470.0,43.3,342.0,33.3,mumbai,Moderate,2703.5,High Risk,11
2025-12-13 12:00:00,51.6,50.2,502.0,42.3,290.0,29.2,mumbai,Moderate,2565.8,High Risk,12
2025-12-13 13:00:00,43.8,42.4,508.0,35.8,243.0,26.0,mumbai,Good,2335.6,High Risk,13
2025-12-13 14:00:00,37.7,36.0,509.0,26.7,194.0,23.5,mumbai,Good,2093.9,High Risk,14
2025-12-13 15:00:00,34.3,32.7,556.0,20.3,154.0,22.9,mumbai,Good,2013.1999999999998,High Risk,15
2025-12-13 16:00:00,33.5,32.0,686.0,19.6,130.0,25.7,mumbai,Good,2203.7,High Risk,16
2025-12-13 17:00:00,35.9,34.6,861.0,21.7,115.0,30.5,mumbai,Good,2556.5,High Risk,17
2025-12-13 18:00:00,39.2,38.2,1015.0,23.9,102.0,34.5,mumbai,Good,2878.2,High Risk,18
2025-12-13 19:00:00,41.9,41.0,1150.0,25.3,89.0,36.8,mumbai,Good,3146.1,High Risk,19
2025-12-13 20:00:00,43.1,42.3,1263.0,26.7,78.0,38.4,mumbai,Good,3361.2,High Risk,20
2025-12-13 21:00:00,43.4,42.7,1280.0,28.4,69.0,39.3,mumbai,Good,3381.5,High Risk,21
2025-12-13 22:00:00,43.8,43.1,1110.0,30.2,62.0,39.4,mumbai,Good,3031.3,High Risk,22
2025-12-13 23:00:00,43.8,43.1,844.0,32.3,57.0,38.9,mumbai,Good,2490.7,High Risk,23
2025-12-14 00:00:00,43.4,42.6,678.0,35.1,52.0,38.4,mumbai,Good,2149.2,High Risk,0
2025-12-14 01:00:00,43.2,42.4,740.0,39.9,43.0,38.1,mumbai,Good,2262.6,High Risk,1
2025-12-14 02:00:00,45.9,45.2,901.0,45.4,34.0,37.8,mumbai,Good,2600.5,High Risk,2
2025-12-14 03:00:00,48.8,48.1,975.0,48.6,42.0,37.6,mumbai,Good,2807.7,High Risk,3
2025-12-14 04:00:00,49.6,48.8,853.0,47.2,74.0,37.2,mumbai,Good,2658.4,High Risk,4
2025-12-14 05:00:00,49.9,48.9,643.0,43.5,121.0,36.8,mumbai,Good,2364.4,High Risk,5
2025-12-14 06:00:00,51.5,50.4,484.0,41.0,175.0,37.4,mumbai,Moderate,2213.1,High Risk,6
2025-12-14 07:00:00,59.3,58.1,435.0,41.3,242.0,40.2,mumbai,Moderate,2390.3999999999996,High Risk,7
2025-12-14 08:00:00,71.7,70.5,436.0,42.8,316.0,43.9,mumbai,Moderate,2734.4,High Risk,8
2025-12-14 09:00:00,75.7,74.5,446.0,44.1,362.0,45.9,mumbai,Moderate,2937.6,High Risk,9
2025-12-14 10:00:00,71.0,69.8,453.0,45.8,362.0,44.6,mumbai,Moderate,2915.6,High Risk,10
2025-12-14 11:00:00,64.5,63.3,469.0,47.2,336.0,41.6,mumbai,Moderate,2811.2,High Risk,11
2025-12-14 12:00:00,61.9,60.8,490.0,45.5,305.0,38.4,mumbai,Moderate,2720.3,High Risk,12
2025-12-14 13:00:00,58.0,56.5,510.0,37.7,275.0,35.4,mumbai,Moderate,2593.9,High Risk,13
2025-12-14 14:00:00,52.9,51.1,535.0,26.7,242.0,32.3,mumbai,Moderate,2446.2,High Risk,14
2025-12-14 15:00:00,48.2,46.3,576.0,18.3,212.0,29.3,mumbai,Good,2354.5,High Risk,15
2025-12-14 16:00:00,43.9,42.0,647.0,15.1,189.0,26.4,mumbai,Good,2368.7,High Risk,16
2025-12-14 17:00:00,40.4,38.8,734.0,14.5,171.0,23.7,mumbai,Good,2449.0,High Risk,17
2025-12-14 18:00:00,37.4,36.1,811.0,14.4,154.0,21.9,mumbai,Good,2521.9,High Risk,18
2025-12-14 19:00:00,35.0,33.9,885.0,14.0,139.0,21.3,mumbai,Good,2602.7,High Risk,19
2025-12-14 20:00:00,34.2,33.1,947.0,14.0,126.0,21.7,mumbai,Good,2682.9,High Risk,20
2025-12-14 21:00:00,34.9,33.9,947.0,14.5,114.0,23.2,mumbai,Good,2661.0,High Risk,21
2025-12-14 22:00:00,36.0,34.9,813.0,15.1,101.0,26.2,mumbai,Good,2376.7,High Risk,22
2025-12-14 23:00:00,37.5,36.6,615.0,16.3,88.0,30.3,mumbai,Good,1975.9,High Risk,23
2025-12-15 00:00:00,38.8,38.0,497.5,19.2,78.0,34.2,mumbai,Good,1749.0,High Risk,0
2025-12-15 01:00:00,40.5,39.7,496.0,25.9,65.0,38.0,mumbai,Good,1762.6,High Risk,1
2025-12-15 02:00:00,44.9,44.0,562.5,34.3,54.0,41.7,mumbai,Good,1945.7,High Risk,2
2025-12-15 03:00:00,50.1,49.1,637.0,39.8,61.0,44.1,mumbai,Good,2188.4,High Risk,3
2025-12-15 04:00:00,53.6,52.6,644.0,39.3,97.0,44.2,mumbai,Moderate,2336.8,High Risk,4
2025-12-15 05:00:00,54.6,53.4,631.0,35.9,151.0,43.0,mumbai,Moderate,2461.4,High Risk,5
2025-12-15 06:00:00,55.6,54.4,638.0,33.8,205.0,41.9,mumbai,Moderate,2632.6,High Risk,6
2025-12-15 07:00:00,58.9,57.6,700.0,35.0,263.0,41.8,mumbai,Moderate,2960.9,High Risk,7
2025-12-15 08:00:00,70.5,69.2,783.0,37.5,322.0,41.9,mumbai,Moderate,3407.1,High Risk,8
2025-12-15 09:00:00,75.9,74.7,825.0,39.5,353.0,40.7,mumbai,Moderate,3631.0,High Risk,9
2025-12-15 10:00:00,71.2,69.8,785.0,40.2,333.0,37.1,mumbai,Moderate,3440.8,High Risk,10
2025-12-15 11:00:00,59.6,58.1,704.0,40.4,285.0,32.3,mumbai,Moderate,3023.1,High Risk,11
2025-12-15 12:00:00,52.6,51.0,643.0,40.5,248.0,28.8,mumbai,Moderate,2720.0,High Risk,12
2025-12-11 00:00:00,30.7,30.7,337.0,43.5,26.0,20.8,mumbai,Good,1254.8,High Risk,0
2025-12-11 01:00:00,29.9,29.8,477.0,44.2,23.0,22.7,mumbai,Good,1529.3,High Risk,1
2025-12-11 02:00:00,32.4,32.2,661.0,44.4,24.0,25.5,mumbai,Good,1931.8,High Risk,2
2025-12-11 03:00:00,36.3,36.2,755.0,43.2,40.0,27.9,mumbai,Good,2204.3,High Risk,3
2025-12-11 04:00:00,38.8,38.8,674.0,39.7,84.0,29.1,mumbai,Good,2185.6,High Risk,4
2025-12-11 05:00:00,39.7,39.7,505.0,34.8,143.0,29.8,mumbai,Good,2015.0,High Risk,5
2025-12-11 06:00:00,38.6,38.6,370.0,30.5,198.0,30.6,mumbai,Good,1887.2,High Risk,6
2025-12-11 07:00:00,40.2,40.2,317.0,27.1,248.0,32.4,mumbai,Good,1937.6,High Risk,7
2025-12-11 08:00:00,47.4,47.4,299.0,24.2,292.0,34.5,mumbai,Good,2088.0,High Risk,8
2025-12-11 09:00:00,49.7,49.5,302.0,22.7,313.0,34.8,mumbai,Good,2169.6,High Risk,9
2025-12-11 10:00:00,48.3,47.8,330.0,24.1,293.0,32.1,mumbai,Good,2147.7,High Risk,10
2025-12-11 11:00:00,44.4,43.7,378.0,27.0,250.0,27.7,mumbai,Good,2076.5,High Risk,11
2025-12-11 12:00:00,36.3,35.5,419.0,27.8,209.0,24.0,mumbai,Good,1958.6,High Risk,12
2025-12-11 13:00:00,28.5,27.4,436.0,24.0,181.0,20.9,mumbai,Good,1817.1,High Risk,13
2025-12-11 14:00:00,24.5,23.3,445.0,18.2,156.0,18.5,mumbai,Good,1694.8,High Risk,14
2025-12-11 15:00:00,24.6,23.6,470.0,14.9,135.0,18.8,mumbai,Good,1671.6,High Risk,15
2025-12-11 16:00:00,27.5,26.7,539.0,16.7,117.0,24.8,mumbai,Good,1811.0,High Risk,16
2025-12-11 17:00:00,31.0,30.4,624.0,20.9,103.0,33.6,mumbai,Good,2020.0,High Risk,17
2025-12-11 18:00:00,33.5,33.2,663.0,24.1,90.0,38.7,mumbai,Good,2113.7,High Risk,18
2025-12-11 19:00:00,32.6,32.5,613.0,24.4,79.0,36.2,mumbai,Good,1965.7,High Risk,19
2025-12-11 20:00:00,30.7,30.6,517.0,23.7,71.0,30.0,mumbai,Good,1706.9,High Risk,20
2025-12-11 21:00:00,28.9,28.8,438.0,23.5,63.0,25.1,mumbai,Good,1490.1,High Risk,21
2025-12-11 22:00:00,27.8,27.6,381.0,24.3,56.0,23.1,mumbai,Good,1341.0,High Risk,22
2025-12-11 23:00:00,27.2,27.0,342.0,25.8,50.0,22.4,mumbai,Good,1243.4,High Risk,23
2025-12-12 00:00:00,27.3,27.1,368.0,28.2,45.0,22.9,mumbai,Good,1292.8,High Risk,0
2025-12-12 01:00:00,28.5,28.3,535.0,32.9,36.0,25.3,mumbai,Good,1637.8,High Risk,1
2025-12-12 02:00:00,32.7,32.6,767.0,38.6,28.0,28.9,mumbai,Good,2149.1,High Risk,2
2025-12-12 03:00:00,37.8,37.6,888.0,41.7,41.0,31.9,mumbai,Good,2494.8,High Risk,3
2025-12-12 04:00:00,41.3,41.1,784.0,39.5,87.0,33.2,mumbai,Good,2449.2,High Risk,4
2025-12-12 05:00:00,42.4,42.1,569.0,34.6,154.0,33.9,mumbai,Good,2211.7,High Risk,5
2025-12-12 06:00:00,42.4,42.1,410.0,31.4,217.0,34.7,mumbai,Good,2073.1,High Risk,6
2025-12-12 07:00:00,46.3,46.0,382.0,32.1,278.0,36.4,mumbai,Good,2240.9,High Risk,7
2025-12-12 08:00:00,53.2,52.9,411.0,34.4,337.0,38.3,mumbai,Moderate,2547.9,High Risk,8
2025-12-12 09:00:00,65.9,65.4,438.0,35.9,367.0,39.0,mumbai,Moderate,2801.3,High Risk,9
2025-12-12 10:00:00,53.9,53.3,435.0,35.9,351.0,37.7,mumbai,Moderate,2645.6,High Risk,10
2025-12-12 11:00:00,50.6,49.8,430.0,35.1,306.0,35.2,mumbai,Good,2460.0,High Risk,11
2025-12-12 12:00:00,45.1,44.1,452.0,32.8,261.0,32.4,mumbai,Good,2303.6,High Risk,12
2025-12-12 13:00:00,37.0,35.9,512.0,27.6,221.0,28.9,mumbai,Good,2203.5,High Risk,13
2025-12-12 14:00:00,32.1,30.9,599.0,20.9,181.0,25.0,mumbai,Good,2175.4,High Risk,14
2025-12-12 15:00:00,29.9,28.5,710.0,16.4,149.0,23.0,mumbai,Good,2256.8,High Risk,15
2025-12-12 16:00:00,29.0,27.7,862.0,15.8,131.0,24.1,mumbai,Good,2502.1,High Risk,16
2025-12-12 17:00:00,30.4,29.3,1038.0,17.4,122.0,27.0,mumbai,Good,2857.3,High Risk,17
2025-12-12 18:00:00,33.3,32.5,1183.0,19.1,113.0,30.1,mumbai,Good,3164.2,High Risk,18
2025-12-12 19:00:00,36.0,35.3,1294.0,20.4,101.0,33.3,mumbai,Good,3390.3,High Risk,19
2025-12-12 20:00:00,38.0,37.5,1375.0,21.9,89.0,36.7,mumbai,Good,3552.9,High Risk,20
2025-12-12 21:00:00,38.9,38.5,1383.0,23.5,78.0,39.0,mumbai,Good,3559.2,High Risk,21
2025-12-12 22:00:00,39.1,38.8,1263.0,24.7,69.0,39.4,mumbai,Good,3300.7,High Risk,22
2025-12-12 23:00:00,38.9,38.6,1070.0,26.0,62.0,38.7,mumbai,Good,2894.5,High Risk,23
2025-12-13 00:00:00,38.8,38.5,930.0,28.4,57.0,38.3,mumbai,Good,2606.7,High Risk,0
2025-12-13 01:00:00,38.6,38.3,920.0,33.5,48.0,39.0,mumbai,Good,2581.3,High Risk,1
2025-12-13 02:00:00,41.7,41.3,962.0,39.6,42.0,40.1,mumbai,Good,2700.4,High Risk,2
2025-12-13 03:00:00,44.6,44.2,947.0,43.2,55.0,40.8,mumbai,Good,2749.8,High Risk,3
2025-12-13 04:00:00,48.2,47.7,804.0,41.6,101.0,40.5,mumbai,Good,2622.5,High Risk,4
2025-12-13 05:00:00,50.3,49.8,605.0,37.5,168.0,39.7,mumbai,Good,2422.7,High Risk,5
2025-12-13 06:00:00,50.1,49.5,456.0,34.8,234.0,39.3,mumbai,Good,2308.2,High Risk,6
2025-12-13 07:00:00,55.3,54.5,404.0,35.5,304.0,40.2,mumbai,Moderate,2461.2,High Risk,7
2025-12-13 08:00:00,69.2,68.2,402.0,37.7,373.0,41.4,mumbai,Moderate,2788.0,High Risk,8
2025-12-13 09:00:00,70.3,69.4,414.0,39.6,410.0,41.1,mumbai,Moderate,2938.7,High Risk,9
2025-12-13 10:00:00,61.9,61.0,435.0,41.6,393.0,37.9,mumbai,Moderate,2857.7,High Risk,10
2025-12-13 11:00:00,54.7,53.4,470.0,43.3,342.0,33.3,mumbai,Moderate,2703.5,High Risk,11
2025-12-13 12:00:00,51.6,50.2,502.0,42.3,290.0,29.2,mumbai,Moderate,2565.8,High Risk,12
2025-12-13 13:00:00,43.8,42.4,508.0,35.8,243.0,26.0,mumbai,Good,2335.6,High Risk,13
2025-12-13 14:00:00,37.7,36.0,509.0,26.7,194.0,23.5,mumbai,Good,2093.9,High Risk,14
2025-12-13 15:00:00,34.3,32.7,556.0,20.3,154.0,22.9,mumbai,Good,2013.1999999999998,High Risk,15
2025-12-13 16:00:00,33.5,32.0,686.0,19.6,130.0,25.7,mumbai,Good,2203.7,High Risk,16
2025-12-13 17:00:00,35.9,34.6,861.0,21.7,115.0,30.5,mumbai,Good,2556.5,High Risk,17
2025-12-13 18:00:00,39.2,38.2,1015.0,23.9,102.0,34.5,mumbai,Good,2878.2,High Risk,18
2025-12-13 19:00:00,41.9,41.0,1150.0,25.3,89.0,36.8,mumbai,Good,3146.1,High Risk,19
2025-12-13 20:00:00,43.1,42.3,1263.0,26.7,78.0,38.4,mumbai,Good,3361.2,High Risk,20
2025-12-13 21:00:00,43.4,42.7,1280.0,28.4,69.0,39.3,mumbai,Good,3381.5,High Risk,21
2025-12-13 22:00:00,43.8,43.1,1110.0,30.2,62.0,39.4,mumbai,Good,3031.3,High Risk,22
2025-12-13 23:00:00,43.8,43.1,844.0,32.3,57.0,38.9,mumbai,Good,2490.7,High Risk,23
2025-12-14 00:00:00,43.4,42.6,678.0,35.1,52.0,38.4,mumbai,Good,2149.2,High Risk,0
2025-12-14 01:00:00,43.2,42.4,740.0,39.9,43.0,38.1,mumbai,Good,2262.6,High Risk,1
2025-12-14 02:00:00,45.9,45.2,901.0,45.4,34.0,37.8,mumbai,Good,2600.5,High Risk,2
2025-12-14 03:00:00,48.8,48.1,975.0,48.6,42.0,37.6,mumbai,Good,2807.7,High Risk,3
2025-12-14 04:00:00,49.6,48.8,853.0,47.2,74.0,37.2,mumbai,Good,2658.4,High Risk,4
2025-12-14 05:00:00,49.9,48.9,643.0,43.5,121.0,36.8,mumbai,Good,2364.4,High Risk,5
2025-12-14 06:00:00,51.5,50.4,484.0,41.0,175.0,37.4,mumbai,Moderate,2213.1,High Risk,6
2025-12-14 07:00:00,59.3,58.1,435.0,41.3,242.0,40.2,mumbai,Moderate,2390.3999999999996,High Risk,7
2025-12-14 08:00:00,71.7,70.5,436.0,42.8,316.0,43.9,mumbai,Moderate,2734.4,High Risk,8
2025-12-14 09:00:00,75.7,74.5,446.0,44.1,362.0,45.9,mumbai,Moderate,2937.6,High Risk,9
2025-12-14 10:00:00,71.0,69.8,453.0,45.8,362.0,44.6,mumbai,Moderate,2915.6,High Risk,10
2025-12-14 11:00:00,64.5,63.3,469.0,47.2,336.0,41.6,mumbai,Moderate,2811.2,High Risk,11
2025-12-14 12:00:00,61.9,60.8,490.0,45.5,305.0,38.4,mumbai,Moderate,2720.3,High Risk,12
2025-12-14 13:00:00,58.0,56.5,510.0,37.7,275.0,35.4,mumbai,Moderate,2593.9,High Risk,13
2025-12-14 14:00:00,52.9,51.1,535.0,26.7,242.0,32.3,mumbai,Moderate,2446.2,High Risk,14
2025-12-14 15:00:00,48.2,46.3,576.0,18.3,212.0,29.3,mumbai,Good,2354.5,High Risk,15
2025-12-14 16:00:00,43.9,42.0,647.0,15.1,189.0,26.4,mumbai,Good,2368.7,High Risk,16
2025-12-14 17:00:00,40.4,38.8,734.0,14.5,171.0,23.7,mumbai,Good,2449.0,High Risk,17
2025-12-14 18:00:00,37.4,36.1,811.0,14.4,154.0,21.9,mumbai,Good,2521.9,High Risk,18
2025-12-14 19:00:00,35.0,33.9,885.0,14.0,139.0,21.3,mumbai,Good,2602.7,High Risk,19
2025-12-14 20:00:00,34.2,33.1,947.0,14.0,126.0,21.7,mumbai,Good,2682.9,High Risk,20
2025-12-14 21:00:00,34.9,33.9,947.0,14.5,114.0,23.2,mumbai,Good,2661.0,High Risk,21
2025-12-14 22:00:00,36.0,34.9,813.0,15.1,101.0,26.2,mumbai,Good,2376.7,High Risk,22
2025-12-14 23:00:00,37.5,36.6,615.0,16.3,88.0,30.3,mumbai,Good,1975.9,High Risk,23
2025-12-15 00:00:00,38.8,38.0,497.5,19.2,78.0,34.2,mumbai,Good,1749.0,High Risk,0
2025-12-15 01:00:00,40.5,39.7,496.0,25.9,65.0,38.0,mumbai,Good,1762.6,High Risk,1
2025-12-15 02:00:00,44.9,44.0,562.5,34.3,54.0,41.7,mumbai,Good,1945.7,High Risk,2
2025-12-15 03:00:00,50.1,49.1,637.0,39.8,61.0,44.1,mumbai,Good,2188.4,High Risk,3
2025-12-15 04:00:00,53.6,52.6,644.0,39.3,97.0,44.2,mumbai,Moderate,2336.8,High Risk,4
2025-12-15 05:00:00,54.6,53.4,631.0,35.9,151.0,43.0,mumbai,Moderate,2461.4,High Risk,5
2025-12-15 06:00:00,55.6,54.4,638.0,33.8,205.0,41.9,mumbai,Moderate,2632.6,High Risk,6
2025-12-15 07:00:00,58.9,57.6,700.0,35.0,263.0,41.8,mumbai,Moderate,2960.9,High Risk,7
2025-12-15 08:00:00,70.5,69.2,783.0,37.5,322.0,41.9,mumbai,Moderate,3407.1,High Risk,8
2025-12-15 09:00:00,75.9,74.7,825.0,39.5,353.0,40.7,mumbai,Moderate,3631.0,High Risk,9
2025-12-15 10:00:00,71.2,69.8,785.0,40.2,333.0,37.1,mumbai,Moderate,3440.8,High Risk,10
2025-12-15 11:00:00,59.6,58.1,704.0,40.4,285.0,32.3,mumbai,Moderate,3023.1,High Risk,11
2025-12-15 12:00:00,52.6,51.0,643.0,40.5,248.0,28.8,mumbai,Moderate,2720.0,High Risk,12
